Subject,LOCATION,Country,Value,year,month
"Long-term interest rates, Per cent per annum",AUS,Australia,7.177895,2000,1
"Long-term interest rates, Per cent per annum",AUS,Australia,6.957619,2000,2
"Long-term interest rates, Per cent per annum",AUS,Australia,6.570435,2000,3
"Long-term interest rates, Per cent per annum",AUS,Australia,6.264706,2000,4
"Long-term interest rates, Per cent per annum",AUS,Australia,6.465652,2000,5
"Long-term interest rates, Per cent per annum",AUS,Australia,6.172381,2000,6
"Long-term interest rates, Per cent per annum",AUS,Australia,6.161905,2000,7
"Long-term interest rates, Per cent per annum",AUS,Australia,6.227391,2000,8
"Long-term interest rates, Per cent per annum",AUS,Australia,6.13619,2000,9
"Long-term interest rates, Per cent per annum",AUS,Australia,6.107955,2000,10
"Long-term interest rates, Per cent per annum",AUS,Australia,5.989545,2000,11
"Long-term interest rates, Per cent per annum",AUS,Australia,5.543158,2000,12
"Long-term interest rates, Per cent per annum",AUS,Australia,5.405476,2001,1
"Long-term interest rates, Per cent per annum",AUS,Australia,5.32125,2001,2
"Long-term interest rates, Per cent per annum",AUS,Australia,5.130682,2001,3
"Long-term interest rates, Per cent per annum",AUS,Australia,5.577222,2001,4
"Long-term interest rates, Per cent per annum",AUS,Australia,5.943478,2001,5
"Long-term interest rates, Per cent per annum",AUS,Australia,5.89675,2001,6
"Long-term interest rates, Per cent per annum",AUS,Australia,6.086364,2001,7
"Long-term interest rates, Per cent per annum",AUS,Australia,5.761522,2001,8
"Long-term interest rates, Per cent per annum",AUS,Australia,5.57825,2001,9
"Long-term interest rates, Per cent per annum",AUS,Australia,5.407609,2001,10
"Long-term interest rates, Per cent per annum",AUS,Australia,5.457727,2001,11
"Long-term interest rates, Per cent per annum",AUS,Australia,5.816842,2001,12
"Long-term interest rates, Per cent per annum",AUS,Australia,5.858333,2002,1
"Long-term interest rates, Per cent per annum",AUS,Australia,5.94575,2002,2
"Long-term interest rates, Per cent per annum",AUS,Australia,6.309,2002,3
"Long-term interest rates, Per cent per annum",AUS,Australia,6.294,2002,4
"Long-term interest rates, Per cent per annum",AUS,Australia,6.215218,2002,5
"Long-term interest rates, Per cent per annum",AUS,Australia,6.007632,2002,6
"Long-term interest rates, Per cent per annum",AUS,Australia,5.859783,2002,7
"Long-term interest rates, Per cent per annum",AUS,Australia,5.648409,2002,8
"Long-term interest rates, Per cent per annum",AUS,Australia,5.435714,2002,9
"Long-term interest rates, Per cent per annum",AUS,Australia,5.659131,2002,10
"Long-term interest rates, Per cent per annum",AUS,Australia,5.499524,2002,11
"Long-term interest rates, Per cent per annum",AUS,Australia,5.395,2002,12
"Long-term interest rates, Per cent per annum",AUS,Australia,5.275,2003,1
"Long-term interest rates, Per cent per annum",AUS,Australia,5.16775,2003,2
"Long-term interest rates, Per cent per annum",AUS,Australia,5.271667,2003,3
"Long-term interest rates, Per cent per annum",AUS,Australia,5.346053,2003,4
"Long-term interest rates, Per cent per annum",AUS,Australia,5.028182,2003,5
"Long-term interest rates, Per cent per annum",AUS,Australia,4.80275,2003,6
"Long-term interest rates, Per cent per annum",AUS,Australia,5.232826,2003,7
"Long-term interest rates, Per cent per annum",AUS,Australia,5.524048,2003,8
"Long-term interest rates, Per cent per annum",AUS,Australia,5.512955,2003,9
"Long-term interest rates, Per cent per annum",AUS,Australia,5.608696,2003,10
"Long-term interest rates, Per cent per annum",AUS,Australia,5.874,2003,11
"Long-term interest rates, Per cent per annum",AUS,Australia,5.757381,2003,12
"Long-term interest rates, Per cent per annum",AUS,Australia,5.7005,2004,1
"Long-term interest rates, Per cent per annum",AUS,Australia,5.6205,2004,2
"Long-term interest rates, Per cent per annum",AUS,Australia,5.415435,2004,3
"Long-term interest rates, Per cent per annum",AUS,Australia,5.803,2004,4
"Long-term interest rates, Per cent per annum",AUS,Australia,5.958095,2004,5
"Long-term interest rates, Per cent per annum",AUS,Australia,5.845476,2004,6
"Long-term interest rates, Per cent per annum",AUS,Australia,5.717727,2004,7
"Long-term interest rates, Per cent per annum",AUS,Australia,5.583182,2004,8
"Long-term interest rates, Per cent per annum",AUS,Australia,5.412045,2004,9
"Long-term interest rates, Per cent per annum",AUS,Australia,5.401429,2004,10
"Long-term interest rates, Per cent per annum",AUS,Australia,5.4,2004,11
"Long-term interest rates, Per cent per annum",AUS,Australia,5.231905,2004,12
"Long-term interest rates, Per cent per annum",AUS,Australia,5.351842,2005,1
"Long-term interest rates, Per cent per annum",AUS,Australia,5.39775,2005,2
"Long-term interest rates, Per cent per annum",AUS,Australia,5.652619,2005,3
"Long-term interest rates, Per cent per annum",AUS,Australia,5.472,2005,4
"Long-term interest rates, Per cent per annum",AUS,Australia,5.287727,2005,5
"Long-term interest rates, Per cent per annum",AUS,Australia,5.140476,2005,6
"Long-term interest rates, Per cent per annum",AUS,Australia,5.190238,2005,7
"Long-term interest rates, Per cent per annum",AUS,Australia,5.218696,2005,8
"Long-term interest rates, Per cent per annum",AUS,Australia,5.186364,2005,9
"Long-term interest rates, Per cent per annum",AUS,Australia,5.400238,2005,10
"Long-term interest rates, Per cent per annum",AUS,Australia,5.435227,2005,11
"Long-term interest rates, Per cent per annum",AUS,Australia,5.3465,2005,12
"Long-term interest rates, Per cent per annum",AUS,Australia,5.2035,2006,1
"Long-term interest rates, Per cent per annum",AUS,Australia,5.272,2006,2
"Long-term interest rates, Per cent per annum",AUS,Australia,5.341304,2006,3
"Long-term interest rates, Per cent per annum",AUS,Australia,5.579706,2006,4
"Long-term interest rates, Per cent per annum",AUS,Australia,5.75,2006,5
"Long-term interest rates, Per cent per annum",AUS,Australia,5.737857,2006,6
"Long-term interest rates, Per cent per annum",AUS,Australia,5.834048,2006,7
"Long-term interest rates, Per cent per annum",AUS,Australia,5.773261,2006,8
"Long-term interest rates, Per cent per annum",AUS,Australia,5.601666,2006,9
"Long-term interest rates, Per cent per annum",AUS,Australia,5.665,2006,10
"Long-term interest rates, Per cent per annum",AUS,Australia,5.599545,2006,11
"Long-term interest rates, Per cent per annum",AUS,Australia,5.696579,2006,12
"Long-term interest rates, Per cent per annum",AUS,Australia,5.877619,2007,1
"Long-term interest rates, Per cent per annum",AUS,Australia,5.80925,2007,2
"Long-term interest rates, Per cent per annum",AUS,Australia,5.736818,2007,3
"Long-term interest rates, Per cent per annum",AUS,Australia,5.909722,2007,4
"Long-term interest rates, Per cent per annum",AUS,Australia,5.920869,2007,5
"Long-term interest rates, Per cent per annum",AUS,Australia,6.20475,2007,6
"Long-term interest rates, Per cent per annum",AUS,Australia,6.149773,2007,7
"Long-term interest rates, Per cent per annum",AUS,Australia,5.925909,2007,8
"Long-term interest rates, Per cent per annum",AUS,Australia,5.992105,2007,9
"Long-term interest rates, Per cent per annum",AUS,Australia,6.174348,2007,10
"Long-term interest rates, Per cent per annum",AUS,Australia,6.025455,2007,11
"Long-term interest rates, Per cent per annum",AUS,Australia,6.207632,2007,12
"Long-term interest rates, Per cent per annum",AUS,Australia,6.076428,2008,1
"Long-term interest rates, Per cent per annum",AUS,Australia,6.294524,2008,2
"Long-term interest rates, Per cent per annum",AUS,Australia,6.085526,2008,3
"Long-term interest rates, Per cent per annum",AUS,Australia,6.170476,2008,4
"Long-term interest rates, Per cent per annum",AUS,Australia,6.355,2008,5
"Long-term interest rates, Per cent per annum",AUS,Australia,6.58675,2008,6
"Long-term interest rates, Per cent per annum",AUS,Australia,6.366522,2008,7
"Long-term interest rates, Per cent per annum",AUS,Australia,5.8625,2008,8
"Long-term interest rates, Per cent per annum",AUS,Australia,5.645909,2008,9
"Long-term interest rates, Per cent per annum",AUS,Australia,5.215227,2008,10
"Long-term interest rates, Per cent per annum",AUS,Australia,4.94075,2008,11
"Long-term interest rates, Per cent per annum",AUS,Australia,4.215714,2008,12
"Long-term interest rates, Per cent per annum",AUS,Australia,4.08575,2009,1
"Long-term interest rates, Per cent per annum",AUS,Australia,4.253,2009,2
"Long-term interest rates, Per cent per annum",AUS,Australia,4.327727,2009,3
"Long-term interest rates, Per cent per annum",AUS,Australia,4.512,2009,4
"Long-term interest rates, Per cent per annum",AUS,Australia,5.004286,2009,5
"Long-term interest rates, Per cent per annum",AUS,Australia,5.556667,2009,6
"Long-term interest rates, Per cent per annum",AUS,Australia,5.487826,2009,7
"Long-term interest rates, Per cent per annum",AUS,Australia,5.53325,2009,8
"Long-term interest rates, Per cent per annum",AUS,Australia,5.323637,2009,9
"Long-term interest rates, Per cent per annum",AUS,Australia,5.450238,2009,10
"Long-term interest rates, Per cent per annum",AUS,Australia,5.466667,2009,11
"Long-term interest rates, Per cent per annum",AUS,Australia,5.473095,2009,12
"Long-term interest rates, Per cent per annum",AUS,Australia,5.5575,2010,1
"Long-term interest rates, Per cent per annum",AUS,Australia,5.4775,2010,2
"Long-term interest rates, Per cent per annum",AUS,Australia,5.62,2010,3
"Long-term interest rates, Per cent per annum",AUS,Australia,5.795,2010,4
"Long-term interest rates, Per cent per annum",AUS,Australia,5.48,2010,5
"Long-term interest rates, Per cent per annum",AUS,Australia,5.3275,2010,6
"Long-term interest rates, Per cent per annum",AUS,Australia,5.145,2010,7
"Long-term interest rates, Per cent per annum",AUS,Australia,4.97,2010,8
"Long-term interest rates, Per cent per annum",AUS,Australia,5.0025,2010,9
"Long-term interest rates, Per cent per annum",AUS,Australia,5.085,2010,10
"Long-term interest rates, Per cent per annum",AUS,Australia,5.3775,2010,11
"Long-term interest rates, Per cent per annum",AUS,Australia,5.555,2010,12
"Long-term interest rates, Per cent per annum",AUS,Australia,5.52,2011,1
"Long-term interest rates, Per cent per annum",AUS,Australia,5.61,2011,2
"Long-term interest rates, Per cent per annum",AUS,Australia,5.435,2011,3
"Long-term interest rates, Per cent per annum",AUS,Australia,5.5125,2011,4
"Long-term interest rates, Per cent per annum",AUS,Australia,5.325,2011,5
"Long-term interest rates, Per cent per annum",AUS,Australia,5.16,2011,6
"Long-term interest rates, Per cent per annum",AUS,Australia,5.02,2011,7
"Long-term interest rates, Per cent per annum",AUS,Australia,4.4925,2011,8
"Long-term interest rates, Per cent per annum",AUS,Australia,4.2025,2011,9
"Long-term interest rates, Per cent per annum",AUS,Australia,4.37,2011,10
"Long-term interest rates, Per cent per annum",AUS,Australia,4.0825,2011,11
"Long-term interest rates, Per cent per annum",AUS,Australia,3.825,2011,12
"Long-term interest rates, Per cent per annum",AUS,Australia,3.795,2012,1
"Long-term interest rates, Per cent per annum",AUS,Australia,3.97,2012,2
"Long-term interest rates, Per cent per annum",AUS,Australia,4.15,2012,3
"Long-term interest rates, Per cent per annum",AUS,Australia,3.8575,2012,4
"Long-term interest rates, Per cent per annum",AUS,Australia,3.2775,2012,5
"Long-term interest rates, Per cent per annum",AUS,Australia,2.995,2012,6
"Long-term interest rates, Per cent per annum",AUS,Australia,2.8875,2012,7
"Long-term interest rates, Per cent per annum",AUS,Australia,3.1875,2012,8
"Long-term interest rates, Per cent per annum",AUS,Australia,3.0925,2012,9
"Long-term interest rates, Per cent per annum",AUS,Australia,3.0225,2012,10
"Long-term interest rates, Per cent per annum",AUS,Australia,3.0875,2012,11
"Long-term interest rates, Per cent per annum",AUS,Australia,3.2275,2012,12
"Long-term interest rates, Per cent per annum",AUS,Australia,3.3975,2013,1
"Long-term interest rates, Per cent per annum",AUS,Australia,3.4975,2013,2
"Long-term interest rates, Per cent per annum",AUS,Australia,3.5125,2013,3
"Long-term interest rates, Per cent per annum",AUS,Australia,3.245,2013,4
"Long-term interest rates, Per cent per annum",AUS,Australia,3.225,2013,5
"Long-term interest rates, Per cent per annum",AUS,Australia,3.54,2013,6
"Long-term interest rates, Per cent per annum",AUS,Australia,3.75,2013,7
"Long-term interest rates, Per cent per annum",AUS,Australia,3.86,2013,8
"Long-term interest rates, Per cent per annum",AUS,Australia,4.0,2013,9
"Long-term interest rates, Per cent per annum",AUS,Australia,3.97,2013,10
"Long-term interest rates, Per cent per annum",AUS,Australia,4.13,2013,11
"Long-term interest rates, Per cent per annum",AUS,Australia,4.24,2013,12
"Long-term interest rates, Per cent per annum",AUS,Australia,4.18,2014,1
"Long-term interest rates, Per cent per annum",AUS,Australia,4.12,2014,2
"Long-term interest rates, Per cent per annum",AUS,Australia,4.1,2014,3
"Long-term interest rates, Per cent per annum",AUS,Australia,4.03,2014,4
"Long-term interest rates, Per cent per annum",AUS,Australia,3.78,2014,5
"Long-term interest rates, Per cent per annum",AUS,Australia,3.7,2014,6
"Long-term interest rates, Per cent per annum",AUS,Australia,3.47,2014,7
"Long-term interest rates, Per cent per annum",AUS,Australia,3.41,2014,8
"Long-term interest rates, Per cent per annum",AUS,Australia,3.55,2014,9
"Long-term interest rates, Per cent per annum",AUS,Australia,3.32,2014,10
"Long-term interest rates, Per cent per annum",AUS,Australia,3.26,2014,11
"Long-term interest rates, Per cent per annum",AUS,Australia,2.96,2014,12
"Long-term interest rates, Per cent per annum",AUS,Australia,2.64,2015,1
"Long-term interest rates, Per cent per annum",AUS,Australia,2.5,2015,2
"Long-term interest rates, Per cent per annum",AUS,Australia,2.48,2015,3
"Long-term interest rates, Per cent per annum",AUS,Australia,2.41,2015,4
"Long-term interest rates, Per cent per annum",AUS,Australia,2.88,2015,5
"Long-term interest rates, Per cent per annum",AUS,Australia,2.98,2015,6
"Long-term interest rates, Per cent per annum",AUS,Australia,2.9,2015,7
"Long-term interest rates, Per cent per annum",AUS,Australia,2.72,2015,8
"Long-term interest rates, Per cent per annum",AUS,Australia,2.7,2015,9
"Long-term interest rates, Per cent per annum",AUS,Australia,2.62,2015,10
"Long-term interest rates, Per cent per annum",AUS,Australia,2.85,2015,11
"Long-term interest rates, Per cent per annum",AUS,Australia,2.85,2015,12
"Long-term interest rates, Per cent per annum",AUS,Australia,2.73,2016,1
"Long-term interest rates, Per cent per annum",AUS,Australia,2.48,2016,2
"Long-term interest rates, Per cent per annum",AUS,Australia,2.57,2016,3
"Long-term interest rates, Per cent per annum",AUS,Australia,2.52,2016,4
"Long-term interest rates, Per cent per annum",AUS,Australia,2.32,2016,5
"Long-term interest rates, Per cent per annum",AUS,Australia,2.12,2016,6
"Long-term interest rates, Per cent per annum",AUS,Australia,1.93,2016,7
"Long-term interest rates, Per cent per annum",AUS,Australia,1.88,2016,8
"Long-term interest rates, Per cent per annum",AUS,Australia,1.99,2016,9
"Long-term interest rates, Per cent per annum",AUS,Australia,2.2,2016,10
"Long-term interest rates, Per cent per annum",AUS,Australia,2.51,2016,11
"Long-term interest rates, Per cent per annum",AUS,Australia,2.79,2016,12
"Long-term interest rates, Per cent per annum",AUS,Australia,2.73,2017,1
"Long-term interest rates, Per cent per annum",AUS,Australia,2.75,2017,2
"Long-term interest rates, Per cent per annum",AUS,Australia,2.81,2017,3
"Long-term interest rates, Per cent per annum",AUS,Australia,2.56,2017,4
"Long-term interest rates, Per cent per annum",AUS,Australia,2.54,2017,5
"Long-term interest rates, Per cent per annum",AUS,Australia,2.41,2017,6
"Long-term interest rates, Per cent per annum",AUS,Australia,2.64,2017,7
"Long-term interest rates, Per cent per annum",AUS,Australia,2.6,2017,8
"Long-term interest rates, Per cent per annum",AUS,Australia,2.7,2017,9
"Long-term interest rates, Per cent per annum",AUS,Australia,2.78,2017,10
"Long-term interest rates, Per cent per annum",AUS,Australia,2.57,2017,11
"Long-term interest rates, Per cent per annum",AUS,Australia,2.58,2017,12
"Long-term interest rates, Per cent per annum",AUS,Australia,2.75,2018,1
"Long-term interest rates, Per cent per annum",AUS,Australia,2.86,2018,2
"Long-term interest rates, Per cent per annum",AUS,Australia,2.72,2018,3
"Long-term interest rates, Per cent per annum",AUS,Australia,2.74,2018,4
"Long-term interest rates, Per cent per annum",AUS,Australia,2.79,2018,5
"Long-term interest rates, Per cent per annum",AUS,Australia,2.7,2018,6
"Long-term interest rates, Per cent per annum",AUS,Australia,2.64,2018,7
"Long-term interest rates, Per cent per annum",AUS,Australia,2.59,2018,8
"Long-term interest rates, Per cent per annum",AUS,Australia,2.63,2018,9
"Long-term interest rates, Per cent per annum",AUS,Australia,2.68,2018,10
"Long-term interest rates, Per cent per annum",AUS,Australia,2.68,2018,11
"Long-term interest rates, Per cent per annum",AUS,Australia,2.43,2018,12
"Long-term interest rates, Per cent per annum",AUS,Australia,2.27,2019,1
"Long-term interest rates, Per cent per annum",AUS,Australia,2.13,2019,2
"Long-term interest rates, Per cent per annum",AUS,Australia,1.96,2019,3
"Long-term interest rates, Per cent per annum",AUS,Australia,1.86,2019,4
"Long-term interest rates, Per cent per annum",AUS,Australia,1.65,2019,5
"Long-term interest rates, Per cent per annum",AUS,Australia,1.38,2019,6
"Long-term interest rates, Per cent per annum",AUS,Australia,1.31,2019,7
"Long-term interest rates, Per cent per annum",AUS,Australia,0.95,2019,8
"Long-term interest rates, Per cent per annum",AUS,Australia,1.03,2019,9
"Long-term interest rates, Per cent per annum",AUS,Australia,1.03,2019,10
"Long-term interest rates, Per cent per annum",AUS,Australia,1.15,2019,11
"Long-term interest rates, Per cent per annum",AUS,Australia,1.2,2019,12
"Long-term interest rates, Per cent per annum",AUS,Australia,1.15,2020,1
"Long-term interest rates, Per cent per annum",AUS,Australia,0.98,2020,2
"Long-term interest rates, Per cent per annum",AUS,Australia,0.89,2020,3
"Long-term interest rates, Per cent per annum",AUS,Australia,0.86,2020,4
"Long-term interest rates, Per cent per annum",AUS,Australia,0.91,2020,5
"Long-term interest rates, Per cent per annum",AUS,Australia,0.92,2020,6
"Long-term interest rates, Per cent per annum",AUS,Australia,0.88,2020,7
"Long-term interest rates, Per cent per annum",AUS,Australia,0.89,2020,8
"Long-term interest rates, Per cent per annum",AUS,Australia,0.9,2020,9
"Long-term interest rates, Per cent per annum",AUS,Australia,0.82,2020,10
"Long-term interest rates, Per cent per annum",AUS,Australia,0.87,2020,11
"Long-term interest rates, Per cent per annum",AUS,Australia,0.98,2020,12
"Long-term interest rates, Per cent per annum",AUS,Australia,1.05,2021,1
"Long-term interest rates, Per cent per annum",AUS,Australia,1.32,2021,2
"Long-term interest rates, Per cent per annum",AUS,Australia,1.69,2021,3
"Long-term interest rates, Per cent per annum",AUS,Australia,1.65,2021,4
"Long-term interest rates, Per cent per annum",AUS,Australia,1.62,2021,5
"Long-term interest rates, Per cent per annum",AUS,Australia,1.52,2021,6
"Long-term interest rates, Per cent per annum",AUS,Australia,1.25,2021,7
"Long-term interest rates, Per cent per annum",AUS,Australia,1.12,2021,8
"Long-term interest rates, Per cent per annum",AUS,Australia,1.28,2021,9
"Long-term interest rates, Per cent per annum",AUS,Australia,1.72,2021,10
"Long-term interest rates, Per cent per annum",AUS,Australia,1.81,2021,11
"Long-term interest rates, Per cent per annum",AUS,Australia,1.61,2021,12
"Long-term interest rates, Per cent per annum",AUS,Australia,1.88,2022,1
"Long-term interest rates, Per cent per annum",AUS,Australia,2.11,2022,2
"Long-term interest rates, Per cent per annum",AUS,Australia,2.5,2022,3
"Long-term interest rates, Per cent per annum",AUS,Australia,3.01,2022,4
"Long-term interest rates, Per cent per annum",AUS,Australia,3.38,2022,5
"Long-term interest rates, Per cent per annum",AUS,Australia,3.77,2022,6
"Long-term interest rates, Per cent per annum",AUS,Australia,3.42,2022,7
"Long-term interest rates, Per cent per annum",AUS,Australia,3.37,2022,8
"Long-term interest rates, Per cent per annum",AUS,Australia,3.74,2022,9
"Long-term interest rates, Per cent per annum",NZL,New Zealand,7.48,2000,1
"Long-term interest rates, Per cent per annum",NZL,New Zealand,7.31,2000,2
"Long-term interest rates, Per cent per annum",NZL,New Zealand,7.06,2000,3
"Long-term interest rates, Per cent per annum",NZL,New Zealand,6.84,2000,4
"Long-term interest rates, Per cent per annum",NZL,New Zealand,7.1,2000,5
"Long-term interest rates, Per cent per annum",NZL,New Zealand,6.85,2000,6
"Long-term interest rates, Per cent per annum",NZL,New Zealand,6.73,2000,7
"Long-term interest rates, Per cent per annum",NZL,New Zealand,6.68,2000,8
"Long-term interest rates, Per cent per annum",NZL,New Zealand,6.74,2000,9
"Long-term interest rates, Per cent per annum",NZL,New Zealand,6.7,2000,10
"Long-term interest rates, Per cent per annum",NZL,New Zealand,6.59,2000,11
"Long-term interest rates, Per cent per annum",NZL,New Zealand,6.15,2000,12
"Long-term interest rates, Per cent per annum",NZL,New Zealand,6.06,2001,1
"Long-term interest rates, Per cent per annum",NZL,New Zealand,6.04,2001,2
"Long-term interest rates, Per cent per annum",NZL,New Zealand,5.95,2001,3
"Long-term interest rates, Per cent per annum",NZL,New Zealand,6.26,2001,4
"Long-term interest rates, Per cent per annum",NZL,New Zealand,6.62,2001,5
"Long-term interest rates, Per cent per annum",NZL,New Zealand,6.63,2001,6
"Long-term interest rates, Per cent per annum",NZL,New Zealand,6.74,2001,7
"Long-term interest rates, Per cent per annum",NZL,New Zealand,6.58,2001,8
"Long-term interest rates, Per cent per annum",NZL,New Zealand,6.52,2001,9
"Long-term interest rates, Per cent per annum",NZL,New Zealand,6.4,2001,10
"Long-term interest rates, Per cent per annum",NZL,New Zealand,6.3,2001,11
"Long-term interest rates, Per cent per annum",NZL,New Zealand,6.62,2001,12
"Long-term interest rates, Per cent per annum",NZL,New Zealand,6.58,2002,1
"Long-term interest rates, Per cent per annum",NZL,New Zealand,6.61,2002,2
"Long-term interest rates, Per cent per annum",NZL,New Zealand,6.88,2002,3
"Long-term interest rates, Per cent per annum",NZL,New Zealand,6.87,2002,4
"Long-term interest rates, Per cent per annum",NZL,New Zealand,6.81,2002,5
"Long-term interest rates, Per cent per annum",NZL,New Zealand,6.64,2002,6
"Long-term interest rates, Per cent per annum",NZL,New Zealand,6.54,2002,7
"Long-term interest rates, Per cent per annum",NZL,New Zealand,6.33,2002,8
"Long-term interest rates, Per cent per annum",NZL,New Zealand,6.17,2002,9
"Long-term interest rates, Per cent per annum",NZL,New Zealand,6.33,2002,10
"Long-term interest rates, Per cent per annum",NZL,New Zealand,6.29,2002,11
"Long-term interest rates, Per cent per annum",NZL,New Zealand,6.28,2002,12
"Long-term interest rates, Per cent per annum",NZL,New Zealand,6.12,2003,1
"Long-term interest rates, Per cent per annum",NZL,New Zealand,5.88,2003,2
"Long-term interest rates, Per cent per annum",NZL,New Zealand,5.91,2003,3
"Long-term interest rates, Per cent per annum",NZL,New Zealand,5.98,2003,4
"Long-term interest rates, Per cent per annum",NZL,New Zealand,5.6,2003,5
"Long-term interest rates, Per cent per annum",NZL,New Zealand,5.23,2003,6
"Long-term interest rates, Per cent per annum",NZL,New Zealand,5.54,2003,7
"Long-term interest rates, Per cent per annum",NZL,New Zealand,5.91,2003,8
"Long-term interest rates, Per cent per annum",NZL,New Zealand,5.95,2003,9
"Long-term interest rates, Per cent per annum",NZL,New Zealand,6.02,2003,10
"Long-term interest rates, Per cent per annum",NZL,New Zealand,6.21,2003,11
"Long-term interest rates, Per cent per annum",NZL,New Zealand,6.05,2003,12
"Long-term interest rates, Per cent per annum",NZL,New Zealand,5.93,2004,1
"Long-term interest rates, Per cent per annum",NZL,New Zealand,5.91,2004,2
"Long-term interest rates, Per cent per annum",NZL,New Zealand,5.74,2004,3
"Long-term interest rates, Per cent per annum",NZL,New Zealand,6.04,2004,4
"Long-term interest rates, Per cent per annum",NZL,New Zealand,6.26,2004,5
"Long-term interest rates, Per cent per annum",NZL,New Zealand,6.29,2004,6
"Long-term interest rates, Per cent per annum",NZL,New Zealand,6.18,2004,7
"Long-term interest rates, Per cent per annum",NZL,New Zealand,6.2,2004,8
"Long-term interest rates, Per cent per annum",NZL,New Zealand,6.16,2004,9
"Long-term interest rates, Per cent per annum",NZL,New Zealand,6.08,2004,10
"Long-term interest rates, Per cent per annum",NZL,New Zealand,6.05,2004,11
"Long-term interest rates, Per cent per annum",NZL,New Zealand,5.95,2004,12
"Long-term interest rates, Per cent per annum",NZL,New Zealand,5.99,2005,1
"Long-term interest rates, Per cent per annum",NZL,New Zealand,5.95,2005,2
"Long-term interest rates, Per cent per annum",NZL,New Zealand,6.16,2005,3
"Long-term interest rates, Per cent per annum",NZL,New Zealand,5.99,2005,4
"Long-term interest rates, Per cent per annum",NZL,New Zealand,5.81,2005,5
"Long-term interest rates, Per cent per annum",NZL,New Zealand,5.71,2005,6
"Long-term interest rates, Per cent per annum",NZL,New Zealand,5.75,2005,7
"Long-term interest rates, Per cent per annum",NZL,New Zealand,5.77,2005,8
"Long-term interest rates, Per cent per annum",NZL,New Zealand,5.71,2005,9
"Long-term interest rates, Per cent per annum",NZL,New Zealand,5.88,2005,10
"Long-term interest rates, Per cent per annum",NZL,New Zealand,5.95,2005,11
"Long-term interest rates, Per cent per annum",NZL,New Zealand,5.83,2005,12
"Long-term interest rates, Per cent per annum",NZL,New Zealand,5.72,2006,1
"Long-term interest rates, Per cent per annum",NZL,New Zealand,5.7,2006,2
"Long-term interest rates, Per cent per annum",NZL,New Zealand,5.72,2006,3
"Long-term interest rates, Per cent per annum",NZL,New Zealand,5.74,2006,4
"Long-term interest rates, Per cent per annum",NZL,New Zealand,5.81,2006,5
"Long-term interest rates, Per cent per annum",NZL,New Zealand,5.84,2006,6
"Long-term interest rates, Per cent per annum",NZL,New Zealand,5.88,2006,7
"Long-term interest rates, Per cent per annum",NZL,New Zealand,5.84,2006,8
"Long-term interest rates, Per cent per annum",NZL,New Zealand,5.8,2006,9
"Long-term interest rates, Per cent per annum",NZL,New Zealand,5.84,2006,10
"Long-term interest rates, Per cent per annum",NZL,New Zealand,5.71,2006,11
"Long-term interest rates, Per cent per annum",NZL,New Zealand,5.77,2006,12
"Long-term interest rates, Per cent per annum",NZL,New Zealand,5.93,2007,1
"Long-term interest rates, Per cent per annum",NZL,New Zealand,5.94,2007,2
"Long-term interest rates, Per cent per annum",NZL,New Zealand,5.87,2007,3
"Long-term interest rates, Per cent per annum",NZL,New Zealand,6.06,2007,4
"Long-term interest rates, Per cent per annum",NZL,New Zealand,6.17,2007,5
"Long-term interest rates, Per cent per annum",NZL,New Zealand,6.72,2007,6
"Long-term interest rates, Per cent per annum",NZL,New Zealand,6.77,2007,7
"Long-term interest rates, Per cent per annum",NZL,New Zealand,6.4,2007,8
"Long-term interest rates, Per cent per annum",NZL,New Zealand,6.16,2007,9
"Long-term interest rates, Per cent per annum",NZL,New Zealand,6.37,2007,10
"Long-term interest rates, Per cent per annum",NZL,New Zealand,6.39,2007,11
"Long-term interest rates, Per cent per annum",NZL,New Zealand,6.4,2007,12
"Long-term interest rates, Per cent per annum",NZL,New Zealand,6.28,2008,1
"Long-term interest rates, Per cent per annum",NZL,New Zealand,6.4,2008,2
"Long-term interest rates, Per cent per annum",NZL,New Zealand,6.36,2008,3
"Long-term interest rates, Per cent per annum",NZL,New Zealand,6.48,2008,4
"Long-term interest rates, Per cent per annum",NZL,New Zealand,6.43,2008,5
"Long-term interest rates, Per cent per annum",NZL,New Zealand,6.42,2008,6
"Long-term interest rates, Per cent per annum",NZL,New Zealand,6.18,2008,7
"Long-term interest rates, Per cent per annum",NZL,New Zealand,6.13,2008,8
"Long-term interest rates, Per cent per annum",NZL,New Zealand,5.82,2008,9
"Long-term interest rates, Per cent per annum",NZL,New Zealand,5.86,2008,10
"Long-term interest rates, Per cent per annum",NZL,New Zealand,5.73,2008,11
"Long-term interest rates, Per cent per annum",NZL,New Zealand,4.88,2008,12
"Long-term interest rates, Per cent per annum",NZL,New Zealand,4.49,2009,1
"Long-term interest rates, Per cent per annum",NZL,New Zealand,4.53,2009,2
"Long-term interest rates, Per cent per annum",NZL,New Zealand,4.77,2009,3
"Long-term interest rates, Per cent per annum",NZL,New Zealand,5.24,2009,4
"Long-term interest rates, Per cent per annum",NZL,New Zealand,5.59,2009,5
"Long-term interest rates, Per cent per annum",NZL,New Zealand,5.97,2009,6
"Long-term interest rates, Per cent per annum",NZL,New Zealand,5.75,2009,7
"Long-term interest rates, Per cent per annum",NZL,New Zealand,5.82,2009,8
"Long-term interest rates, Per cent per annum",NZL,New Zealand,5.63,2009,9
"Long-term interest rates, Per cent per annum",NZL,New Zealand,5.66,2009,10
"Long-term interest rates, Per cent per annum",NZL,New Zealand,6.01,2009,11
"Long-term interest rates, Per cent per annum",NZL,New Zealand,6.02,2009,12
"Long-term interest rates, Per cent per annum",NZL,New Zealand,6.0,2010,1
"Long-term interest rates, Per cent per annum",NZL,New Zealand,5.86,2010,2
"Long-term interest rates, Per cent per annum",NZL,New Zealand,5.86,2010,3
"Long-term interest rates, Per cent per annum",NZL,New Zealand,5.96,2010,4
"Long-term interest rates, Per cent per annum",NZL,New Zealand,5.73,2010,5
"Long-term interest rates, Per cent per annum",NZL,New Zealand,5.51,2010,6
"Long-term interest rates, Per cent per annum",NZL,New Zealand,5.4,2010,7
"Long-term interest rates, Per cent per annum",NZL,New Zealand,5.24,2010,8
"Long-term interest rates, Per cent per annum",NZL,New Zealand,5.28,2010,9
"Long-term interest rates, Per cent per annum",NZL,New Zealand,5.09,2010,10
"Long-term interest rates, Per cent per annum",NZL,New Zealand,5.49,2010,11
"Long-term interest rates, Per cent per annum",NZL,New Zealand,5.82,2010,12
"Long-term interest rates, Per cent per annum",NZL,New Zealand,5.61,2011,1
"Long-term interest rates, Per cent per annum",NZL,New Zealand,5.56,2011,2
"Long-term interest rates, Per cent per annum",NZL,New Zealand,5.58,2011,3
"Long-term interest rates, Per cent per annum",NZL,New Zealand,5.7,2011,4
"Long-term interest rates, Per cent per annum",NZL,New Zealand,5.23,2011,5
"Long-term interest rates, Per cent per annum",NZL,New Zealand,5.04,2011,6
"Long-term interest rates, Per cent per annum",NZL,New Zealand,5.07,2011,7
"Long-term interest rates, Per cent per annum",NZL,New Zealand,4.55,2011,8
"Long-term interest rates, Per cent per annum",NZL,New Zealand,4.41,2011,9
"Long-term interest rates, Per cent per annum",NZL,New Zealand,4.54,2011,10
"Long-term interest rates, Per cent per annum",NZL,New Zealand,4.14,2011,11
"Long-term interest rates, Per cent per annum",NZL,New Zealand,3.91,2011,12
"Long-term interest rates, Per cent per annum",NZL,New Zealand,3.86,2012,1
"Long-term interest rates, Per cent per annum",NZL,New Zealand,3.98,2012,2
"Long-term interest rates, Per cent per annum",NZL,New Zealand,4.17,2012,3
"Long-term interest rates, Per cent per annum",NZL,New Zealand,3.98,2012,4
"Long-term interest rates, Per cent per annum",NZL,New Zealand,3.66,2012,5
"Long-term interest rates, Per cent per annum",NZL,New Zealand,3.4,2012,6
"Long-term interest rates, Per cent per annum",NZL,New Zealand,3.4,2012,7
"Long-term interest rates, Per cent per annum",NZL,New Zealand,3.66,2012,8
"Long-term interest rates, Per cent per annum",NZL,New Zealand,3.57,2012,9
"Long-term interest rates, Per cent per annum",NZL,New Zealand,3.51,2012,10
"Long-term interest rates, Per cent per annum",NZL,New Zealand,3.47,2012,11
"Long-term interest rates, Per cent per annum",NZL,New Zealand,3.56,2012,12
"Long-term interest rates, Per cent per annum",NZL,New Zealand,3.55,2013,1
"Long-term interest rates, Per cent per annum",NZL,New Zealand,3.81,2013,2
"Long-term interest rates, Per cent per annum",NZL,New Zealand,3.72,2013,3
"Long-term interest rates, Per cent per annum",NZL,New Zealand,3.33,2013,4
"Long-term interest rates, Per cent per annum",NZL,New Zealand,3.37,2013,5
"Long-term interest rates, Per cent per annum",NZL,New Zealand,3.83,2013,6
"Long-term interest rates, Per cent per annum",NZL,New Zealand,4.23,2013,7
"Long-term interest rates, Per cent per annum",NZL,New Zealand,4.47,2013,8
"Long-term interest rates, Per cent per annum",NZL,New Zealand,4.7,2013,9
"Long-term interest rates, Per cent per annum",NZL,New Zealand,4.65,2013,10
"Long-term interest rates, Per cent per annum",NZL,New Zealand,4.7,2013,11
"Long-term interest rates, Per cent per annum",NZL,New Zealand,4.76,2013,12
"Long-term interest rates, Per cent per annum",NZL,New Zealand,4.64,2014,1
"Long-term interest rates, Per cent per annum",NZL,New Zealand,4.57,2014,2
"Long-term interest rates, Per cent per annum",NZL,New Zealand,4.58,2014,3
"Long-term interest rates, Per cent per annum",NZL,New Zealand,4.55,2014,4
"Long-term interest rates, Per cent per annum",NZL,New Zealand,4.29,2014,5
"Long-term interest rates, Per cent per annum",NZL,New Zealand,4.42,2014,6
"Long-term interest rates, Per cent per annum",NZL,New Zealand,4.37,2014,7
"Long-term interest rates, Per cent per annum",NZL,New Zealand,4.2,2014,8
"Long-term interest rates, Per cent per annum",NZL,New Zealand,4.19,2014,9
"Long-term interest rates, Per cent per annum",NZL,New Zealand,4.04,2014,10
"Long-term interest rates, Per cent per annum",NZL,New Zealand,4.03,2014,11
"Long-term interest rates, Per cent per annum",NZL,New Zealand,3.77,2014,12
"Long-term interest rates, Per cent per annum",NZL,New Zealand,3.42,2015,1
"Long-term interest rates, Per cent per annum",NZL,New Zealand,3.26,2015,2
"Long-term interest rates, Per cent per annum",NZL,New Zealand,3.3,2015,3
"Long-term interest rates, Per cent per annum",NZL,New Zealand,3.25,2015,4
"Long-term interest rates, Per cent per annum",NZL,New Zealand,3.65,2015,5
"Long-term interest rates, Per cent per annum",NZL,New Zealand,3.77,2015,6
"Long-term interest rates, Per cent per annum",NZL,New Zealand,3.47,2015,7
"Long-term interest rates, Per cent per annum",NZL,New Zealand,3.29,2015,8
"Long-term interest rates, Per cent per annum",NZL,New Zealand,3.29,2015,9
"Long-term interest rates, Per cent per annum",NZL,New Zealand,3.34,2015,10
"Long-term interest rates, Per cent per annum",NZL,New Zealand,3.49,2015,11
"Long-term interest rates, Per cent per annum",NZL,New Zealand,3.55,2015,12
"Long-term interest rates, Per cent per annum",NZL,New Zealand,3.31,2016,1
"Long-term interest rates, Per cent per annum",NZL,New Zealand,3.06,2016,2
"Long-term interest rates, Per cent per annum",NZL,New Zealand,3.02,2016,3
"Long-term interest rates, Per cent per annum",NZL,New Zealand,2.86,2016,4
"Long-term interest rates, Per cent per annum",NZL,New Zealand,2.67,2016,5
"Long-term interest rates, Per cent per annum",NZL,New Zealand,2.51,2016,6
"Long-term interest rates, Per cent per annum",NZL,New Zealand,2.27,2016,7
"Long-term interest rates, Per cent per annum",NZL,New Zealand,2.19,2016,8
"Long-term interest rates, Per cent per annum",NZL,New Zealand,2.4,2016,9
"Long-term interest rates, Per cent per annum",NZL,New Zealand,2.53,2016,10
"Long-term interest rates, Per cent per annum",NZL,New Zealand,2.99,2016,11
"Long-term interest rates, Per cent per annum",NZL,New Zealand,3.33,2016,12
"Long-term interest rates, Per cent per annum",NZL,New Zealand,3.23,2017,1
"Long-term interest rates, Per cent per annum",NZL,New Zealand,3.29,2017,2
"Long-term interest rates, Per cent per annum",NZL,New Zealand,3.28,2017,3
"Long-term interest rates, Per cent per annum",NZL,New Zealand,3.05,2017,4
"Long-term interest rates, Per cent per annum",NZL,New Zealand,2.93,2017,5
"Long-term interest rates, Per cent per annum",NZL,New Zealand,2.77,2017,6
"Long-term interest rates, Per cent per annum",NZL,New Zealand,2.97,2017,7
"Long-term interest rates, Per cent per annum",NZL,New Zealand,2.88,2017,8
"Long-term interest rates, Per cent per annum",NZL,New Zealand,2.91,2017,9
"Long-term interest rates, Per cent per annum",NZL,New Zealand,2.97,2017,10
"Long-term interest rates, Per cent per annum",NZL,New Zealand,2.85,2017,11
"Long-term interest rates, Per cent per annum",NZL,New Zealand,2.76,2017,12
"Long-term interest rates, Per cent per annum",NZL,New Zealand,2.88,2018,1
"Long-term interest rates, Per cent per annum",NZL,New Zealand,2.97,2018,2
"Long-term interest rates, Per cent per annum",NZL,New Zealand,2.89,2018,3
"Long-term interest rates, Per cent per annum",NZL,New Zealand,2.82,2018,4
"Long-term interest rates, Per cent per annum",NZL,New Zealand,2.78,2018,5
"Long-term interest rates, Per cent per annum",NZL,New Zealand,2.9,2018,6
"Long-term interest rates, Per cent per annum",NZL,New Zealand,2.81,2018,7
"Long-term interest rates, Per cent per annum",NZL,New Zealand,2.64,2018,8
"Long-term interest rates, Per cent per annum",NZL,New Zealand,2.6,2018,9
"Long-term interest rates, Per cent per annum",NZL,New Zealand,2.62,2018,10
"Long-term interest rates, Per cent per annum",NZL,New Zealand,2.69,2018,11
"Long-term interest rates, Per cent per annum",NZL,New Zealand,2.45,2018,12
"Long-term interest rates, Per cent per annum",NZL,New Zealand,2.33,2019,1
"Long-term interest rates, Per cent per annum",NZL,New Zealand,2.18,2019,2
"Long-term interest rates, Per cent per annum",NZL,New Zealand,2.02,2019,3
"Long-term interest rates, Per cent per annum",NZL,New Zealand,1.96,2019,4
"Long-term interest rates, Per cent per annum",NZL,New Zealand,1.79,2019,5
"Long-term interest rates, Per cent per annum",NZL,New Zealand,1.63,2019,6
"Long-term interest rates, Per cent per annum",NZL,New Zealand,1.55,2019,7
"Long-term interest rates, Per cent per annum",NZL,New Zealand,1.13,2019,8
"Long-term interest rates, Per cent per annum",NZL,New Zealand,1.16,2019,9
"Long-term interest rates, Per cent per annum",NZL,New Zealand,1.16,2019,10
"Long-term interest rates, Per cent per annum",NZL,New Zealand,1.35,2019,11
"Long-term interest rates, Per cent per annum",NZL,New Zealand,1.53,2019,12
"Long-term interest rates, Per cent per annum",NZL,New Zealand,1.48,2020,1
"Long-term interest rates, Per cent per annum",NZL,New Zealand,1.28,2020,2
"Long-term interest rates, Per cent per annum",NZL,New Zealand,1.08,2020,3
"Long-term interest rates, Per cent per annum",NZL,New Zealand,0.95,2020,4
"Long-term interest rates, Per cent per annum",NZL,New Zealand,0.64,2020,5
"Long-term interest rates, Per cent per annum",NZL,New Zealand,0.9,2020,6
"Long-term interest rates, Per cent per annum",NZL,New Zealand,0.91,2020,7
"Long-term interest rates, Per cent per annum",NZL,New Zealand,0.68,2020,8
"Long-term interest rates, Per cent per annum",NZL,New Zealand,0.56,2020,9
"Long-term interest rates, Per cent per annum",NZL,New Zealand,0.54,2020,10
"Long-term interest rates, Per cent per annum",NZL,New Zealand,0.75,2020,11
"Long-term interest rates, Per cent per annum",NZL,New Zealand,0.92,2020,12
"Long-term interest rates, Per cent per annum",NZL,New Zealand,1.04,2021,1
"Long-term interest rates, Per cent per annum",NZL,New Zealand,1.46,2021,2
"Long-term interest rates, Per cent per annum",NZL,New Zealand,1.76,2021,3
"Long-term interest rates, Per cent per annum",NZL,New Zealand,1.68,2021,4
"Long-term interest rates, Per cent per annum",NZL,New Zealand,1.81,2021,5
"Long-term interest rates, Per cent per annum",NZL,New Zealand,1.76,2021,6
"Long-term interest rates, Per cent per annum",NZL,New Zealand,1.59,2021,7
"Long-term interest rates, Per cent per annum",NZL,New Zealand,1.65,2021,8
"Long-term interest rates, Per cent per annum",NZL,New Zealand,1.87,2021,9
"Long-term interest rates, Per cent per annum",NZL,New Zealand,2.21,2021,10
"Long-term interest rates, Per cent per annum",NZL,New Zealand,2.57,2021,11
"Long-term interest rates, Per cent per annum",NZL,New Zealand,2.38,2021,12
"Long-term interest rates, Per cent per annum",NZL,New Zealand,2.56,2022,1
"Long-term interest rates, Per cent per annum",NZL,New Zealand,2.74,2022,2
"Long-term interest rates, Per cent per annum",NZL,New Zealand,3.07,2022,3
"Long-term interest rates, Per cent per annum",NZL,New Zealand,3.47,2022,4
"Long-term interest rates, Per cent per annum",NZL,New Zealand,3.64,2022,5
"Long-term interest rates, Per cent per annum",NZL,New Zealand,3.98,2022,6
"Long-term interest rates, Per cent per annum",NZL,New Zealand,3.67,2022,7
"Long-term interest rates, Per cent per annum",NZL,New Zealand,3.57,2022,8
"Long-term interest rates, Per cent per annum",NZL,New Zealand,4.07,2022,9
"Long-term interest rates, Per cent per annum",GBR,United Kingdom,5.8227,2000,1
"Long-term interest rates, Per cent per annum",GBR,United Kingdom,5.6347,2000,2
"Long-term interest rates, Per cent per annum",GBR,United Kingdom,5.3707,2000,3
"Long-term interest rates, Per cent per annum",GBR,United Kingdom,5.3213,2000,4
"Long-term interest rates, Per cent per annum",GBR,United Kingdom,5.4033,2000,5
"Long-term interest rates, Per cent per annum",GBR,United Kingdom,5.2097,2000,6
"Long-term interest rates, Per cent per annum",GBR,United Kingdom,5.2388,2000,7
"Long-term interest rates, Per cent per annum",GBR,United Kingdom,5.3312,2000,8
"Long-term interest rates, Per cent per annum",GBR,United Kingdom,5.3873,2000,9
"Long-term interest rates, Per cent per annum",GBR,United Kingdom,5.2179,2000,10
"Long-term interest rates, Per cent per annum",GBR,United Kingdom,5.0983,2000,11
"Long-term interest rates, Per cent per annum",GBR,United Kingdom,4.9118,2000,12
"Long-term interest rates, Per cent per annum",GBR,United Kingdom,4.8471,2001,1
"Long-term interest rates, Per cent per annum",GBR,United Kingdom,4.8248,2001,2
"Long-term interest rates, Per cent per annum",GBR,United Kingdom,4.703,2001,3
"Long-term interest rates, Per cent per annum",GBR,United Kingdom,4.9468,2001,4
"Long-term interest rates, Per cent per annum",GBR,United Kingdom,5.1153,2001,5
"Long-term interest rates, Per cent per annum",GBR,United Kingdom,5.1951,2001,6
"Long-term interest rates, Per cent per annum",GBR,United Kingdom,5.2037,2001,7
"Long-term interest rates, Per cent per annum",GBR,United Kingdom,4.9854,2001,8
"Long-term interest rates, Per cent per annum",GBR,United Kingdom,4.9876,2001,9
"Long-term interest rates, Per cent per annum",GBR,United Kingdom,4.8253,2001,10
"Long-term interest rates, Per cent per annum",GBR,United Kingdom,4.6271,2001,11
"Long-term interest rates, Per cent per annum",GBR,United Kingdom,4.8928,2001,12
"Long-term interest rates, Per cent per annum",GBR,United Kingdom,4.9171,2002,1
"Long-term interest rates, Per cent per annum",GBR,United Kingdom,4.9251,2002,2
"Long-term interest rates, Per cent per annum",GBR,United Kingdom,5.2202,2002,3
"Long-term interest rates, Per cent per annum",GBR,United Kingdom,5.2331,2002,4
"Long-term interest rates, Per cent per annum",GBR,United Kingdom,5.2689,2002,5
"Long-term interest rates, Per cent per annum",GBR,United Kingdom,5.099,2002,6
"Long-term interest rates, Per cent per annum",GBR,United Kingdom,5.0027,2002,7
"Long-term interest rates, Per cent per annum",GBR,United Kingdom,4.746,2002,8
"Long-term interest rates, Per cent per annum",GBR,United Kingdom,4.5006,2002,9
"Long-term interest rates, Per cent per annum",GBR,United Kingdom,4.616,2002,10
"Long-term interest rates, Per cent per annum",GBR,United Kingdom,4.6378,2002,11
"Long-term interest rates, Per cent per annum",GBR,United Kingdom,4.5644,2002,12
"Long-term interest rates, Per cent per annum",GBR,United Kingdom,4.3899,2003,1
"Long-term interest rates, Per cent per annum",GBR,United Kingdom,4.2131,2003,2
"Long-term interest rates, Per cent per annum",GBR,United Kingdom,4.3243,2003,3
"Long-term interest rates, Per cent per annum",GBR,United Kingdom,4.4663,2003,4
"Long-term interest rates, Per cent per annum",GBR,United Kingdom,4.2197,2003,5
"Long-term interest rates, Per cent per annum",GBR,United Kingdom,4.1127,2003,6
"Long-term interest rates, Per cent per annum",GBR,United Kingdom,4.4078,2003,7
"Long-term interest rates, Per cent per annum",GBR,United Kingdom,4.604,2003,8
"Long-term interest rates, Per cent per annum",GBR,United Kingdom,4.7132,2003,9
"Long-term interest rates, Per cent per annum",GBR,United Kingdom,4.9071,2003,10
"Long-term interest rates, Per cent per annum",GBR,United Kingdom,5.065,2003,11
"Long-term interest rates, Per cent per annum",GBR,United Kingdom,4.896,2003,12
"Long-term interest rates, Per cent per annum",GBR,United Kingdom,4.7875,2004,1
"Long-term interest rates, Per cent per annum",GBR,United Kingdom,4.8056,2004,2
"Long-term interest rates, Per cent per annum",GBR,United Kingdom,4.7088,2004,3
"Long-term interest rates, Per cent per annum",GBR,United Kingdom,4.957,2004,4
"Long-term interest rates, Per cent per annum",GBR,United Kingdom,5.1118,2004,5
"Long-term interest rates, Per cent per annum",GBR,United Kingdom,5.2,2004,6
"Long-term interest rates, Per cent per annum",GBR,United Kingdom,5.1083,2004,7
"Long-term interest rates, Per cent per annum",GBR,United Kingdom,5.0071,2004,8
"Long-term interest rates, Per cent per annum",GBR,United Kingdom,4.9109,2004,9
"Long-term interest rates, Per cent per annum",GBR,United Kingdom,4.7683,2004,10
"Long-term interest rates, Per cent per annum",GBR,United Kingdom,4.6903,2004,11
"Long-term interest rates, Per cent per annum",GBR,United Kingdom,4.5316,2004,12
"Long-term interest rates, Per cent per annum",GBR,United Kingdom,4.5419,2005,1
"Long-term interest rates, Per cent per annum",GBR,United Kingdom,4.5884,2005,2
"Long-term interest rates, Per cent per annum",GBR,United Kingdom,4.796,2005,3
"Long-term interest rates, Per cent per annum",GBR,United Kingdom,4.6218,2005,4
"Long-term interest rates, Per cent per annum",GBR,United Kingdom,4.4173,2005,5
"Long-term interest rates, Per cent per annum",GBR,United Kingdom,4.2847,2005,6
"Long-term interest rates, Per cent per annum",GBR,United Kingdom,4.3011,2005,7
"Long-term interest rates, Per cent per annum",GBR,United Kingdom,4.3249,2005,8
"Long-term interest rates, Per cent per annum",GBR,United Kingdom,4.2109,2005,9
"Long-term interest rates, Per cent per annum",GBR,United Kingdom,4.3482,2005,10
"Long-term interest rates, Per cent per annum",GBR,United Kingdom,4.3129,2005,11
"Long-term interest rates, Per cent per annum",GBR,United Kingdom,4.2186,2005,12
"Long-term interest rates, Per cent per annum",GBR,United Kingdom,4.0752,2006,1
"Long-term interest rates, Per cent per annum",GBR,United Kingdom,4.1543,2006,2
"Long-term interest rates, Per cent per annum",GBR,United Kingdom,4.3177,2006,3
"Long-term interest rates, Per cent per annum",GBR,United Kingdom,4.5177,2006,4
"Long-term interest rates, Per cent per annum",GBR,United Kingdom,4.6488,2006,5
"Long-term interest rates, Per cent per annum",GBR,United Kingdom,4.6645,2006,6
"Long-term interest rates, Per cent per annum",GBR,United Kingdom,4.656,2006,7
"Long-term interest rates, Per cent per annum",GBR,United Kingdom,4.6535,2006,8
"Long-term interest rates, Per cent per annum",GBR,United Kingdom,4.5522,2006,9
"Long-term interest rates, Per cent per annum",GBR,United Kingdom,4.6155,2006,10
"Long-term interest rates, Per cent per annum",GBR,United Kingdom,4.5452,2006,11
"Long-term interest rates, Per cent per annum",GBR,United Kingdom,4.6195,2006,12
"Long-term interest rates, Per cent per annum",GBR,United Kingdom,4.8694,2007,1
"Long-term interest rates, Per cent per annum",GBR,United Kingdom,4.896,2007,2
"Long-term interest rates, Per cent per annum",GBR,United Kingdom,4.8194,2007,3
"Long-term interest rates, Per cent per annum",GBR,United Kingdom,5.0439,2007,4
"Long-term interest rates, Per cent per annum",GBR,United Kingdom,5.1458,2007,5
"Long-term interest rates, Per cent per annum",GBR,United Kingdom,5.4321,2007,6
"Long-term interest rates, Per cent per annum",GBR,United Kingdom,5.4084,2007,7
"Long-term interest rates, Per cent per annum",GBR,United Kingdom,5.1499,2007,8
"Long-term interest rates, Per cent per annum",GBR,United Kingdom,4.9928,2007,9
"Long-term interest rates, Per cent per annum",GBR,United Kingdom,4.9576,2007,10
"Long-term interest rates, Per cent per annum",GBR,United Kingdom,4.7263,2007,11
"Long-term interest rates, Per cent per annum",GBR,United Kingdom,4.6937,2007,12
"Long-term interest rates, Per cent per annum",GBR,United Kingdom,4.4925,2008,1
"Long-term interest rates, Per cent per annum",GBR,United Kingdom,4.6234,2008,2
"Long-term interest rates, Per cent per annum",GBR,United Kingdom,4.445,2008,3
"Long-term interest rates, Per cent per annum",GBR,United Kingdom,4.6432,2008,4
"Long-term interest rates, Per cent per annum",GBR,United Kingdom,4.8683,2008,5
"Long-term interest rates, Per cent per annum",GBR,United Kingdom,5.2103,2008,6
"Long-term interest rates, Per cent per annum",GBR,United Kingdom,5.0494,2008,7
"Long-term interest rates, Per cent per annum",GBR,United Kingdom,4.7267,2008,8
"Long-term interest rates, Per cent per annum",GBR,United Kingdom,4.5701,2008,9
"Long-term interest rates, Per cent per annum",GBR,United Kingdom,4.5789,2008,10
"Long-term interest rates, Per cent per annum",GBR,United Kingdom,4.2571,2008,11
"Long-term interest rates, Per cent per annum",GBR,United Kingdom,3.6238,2008,12
"Long-term interest rates, Per cent per annum",GBR,United Kingdom,3.6699,2009,1
"Long-term interest rates, Per cent per annum",GBR,United Kingdom,3.6899,2009,2
"Long-term interest rates, Per cent per annum",GBR,United Kingdom,3.2497,2009,3
"Long-term interest rates, Per cent per annum",GBR,United Kingdom,3.4072,2009,4
"Long-term interest rates, Per cent per annum",GBR,United Kingdom,3.6206,2009,5
"Long-term interest rates, Per cent per annum",GBR,United Kingdom,3.7221,2009,6
"Long-term interest rates, Per cent per annum",GBR,United Kingdom,3.8238,2009,7
"Long-term interest rates, Per cent per annum",GBR,United Kingdom,3.7142,2009,8
"Long-term interest rates, Per cent per annum",GBR,United Kingdom,3.6566,2009,9
"Long-term interest rates, Per cent per annum",GBR,United Kingdom,3.5699,2009,10
"Long-term interest rates, Per cent per annum",GBR,United Kingdom,3.7592,2009,11
"Long-term interest rates, Per cent per annum",GBR,United Kingdom,3.8871,2009,12
"Long-term interest rates, Per cent per annum",GBR,United Kingdom,4.0025,2010,1
"Long-term interest rates, Per cent per annum",GBR,United Kingdom,4.0624,2010,2
"Long-term interest rates, Per cent per annum",GBR,United Kingdom,4.0915,2010,3
"Long-term interest rates, Per cent per annum",GBR,United Kingdom,4.1007,2010,4
"Long-term interest rates, Per cent per annum",GBR,United Kingdom,3.7772,2010,5
"Long-term interest rates, Per cent per annum",GBR,United Kingdom,3.6007,2010,6
"Long-term interest rates, Per cent per annum",GBR,United Kingdom,3.5087,2010,7
"Long-term interest rates, Per cent per annum",GBR,United Kingdom,3.233,2010,8
"Long-term interest rates, Per cent per annum",GBR,United Kingdom,3.1271,2010,9
"Long-term interest rates, Per cent per annum",GBR,United Kingdom,3.0685,2010,10
"Long-term interest rates, Per cent per annum",GBR,United Kingdom,3.311,2010,11
"Long-term interest rates, Per cent per annum",GBR,United Kingdom,3.6098,2010,12
"Long-term interest rates, Per cent per annum",GBR,United Kingdom,3.7273,2011,1
"Long-term interest rates, Per cent per annum",GBR,United Kingdom,3.8799,2011,2
"Long-term interest rates, Per cent per annum",GBR,United Kingdom,3.7386,2011,3
"Long-term interest rates, Per cent per annum",GBR,United Kingdom,3.7619,2011,4
"Long-term interest rates, Per cent per annum",GBR,United Kingdom,3.5053,2011,5
"Long-term interest rates, Per cent per annum",GBR,United Kingdom,3.4144,2011,6
"Long-term interest rates, Per cent per annum",GBR,United Kingdom,3.3137,2011,7
"Long-term interest rates, Per cent per annum",GBR,United Kingdom,2.7833,2011,8
"Long-term interest rates, Per cent per annum",GBR,United Kingdom,2.504,2011,9
"Long-term interest rates, Per cent per annum",GBR,United Kingdom,2.529,2011,10
"Long-term interest rates, Per cent per annum",GBR,United Kingdom,2.2917,2011,11
"Long-term interest rates, Per cent per annum",GBR,United Kingdom,2.1828,2011,12
"Long-term interest rates, Per cent per annum",GBR,United Kingdom,2.1104,2012,1
"Long-term interest rates, Per cent per annum",GBR,United Kingdom,2.2191,2012,2
"Long-term interest rates, Per cent per annum",GBR,United Kingdom,2.323,2012,3
"Long-term interest rates, Per cent per annum",GBR,United Kingdom,2.2117,2012,4
"Long-term interest rates, Per cent per annum",GBR,United Kingdom,1.9416,2012,5
"Long-term interest rates, Per cent per annum",GBR,United Kingdom,1.7698,2012,6
"Long-term interest rates, Per cent per annum",GBR,United Kingdom,1.6523,2012,7
"Long-term interest rates, Per cent per annum",GBR,United Kingdom,1.6735,2012,8
"Long-term interest rates, Per cent per annum",GBR,United Kingdom,1.7222,2012,9
"Long-term interest rates, Per cent per annum",GBR,United Kingdom,1.7721,2012,10
"Long-term interest rates, Per cent per annum",GBR,United Kingdom,1.7741,2012,11
"Long-term interest rates, Per cent per annum",GBR,United Kingdom,1.8467,2012,12
"Long-term interest rates, Per cent per annum",GBR,United Kingdom,2.0795,2013,1
"Long-term interest rates, Per cent per annum",GBR,United Kingdom,2.1781,2013,2
"Long-term interest rates, Per cent per annum",GBR,United Kingdom,1.9768,2013,3
"Long-term interest rates, Per cent per annum",GBR,United Kingdom,1.7824,2013,4
"Long-term interest rates, Per cent per annum",GBR,United Kingdom,1.9462,2013,5
"Long-term interest rates, Per cent per annum",GBR,United Kingdom,2.3063,2013,6
"Long-term interest rates, Per cent per annum",GBR,United Kingdom,2.471,2013,7
"Long-term interest rates, Per cent per annum",GBR,United Kingdom,2.7088,2013,8
"Long-term interest rates, Per cent per annum",GBR,United Kingdom,2.8443,2013,9
"Long-term interest rates, Per cent per annum",GBR,United Kingdom,2.6784,2013,10
"Long-term interest rates, Per cent per annum",GBR,United Kingdom,2.7598,2013,11
"Long-term interest rates, Per cent per annum",GBR,United Kingdom,2.9458,2013,12
"Long-term interest rates, Per cent per annum",GBR,United Kingdom,2.91,2014,1
"Long-term interest rates, Per cent per annum",GBR,United Kingdom,2.8147,2014,2
"Long-term interest rates, Per cent per annum",GBR,United Kingdom,2.7837,2014,3
"Long-term interest rates, Per cent per annum",GBR,United Kingdom,2.7417,2014,4
"Long-term interest rates, Per cent per annum",GBR,United Kingdom,2.6989,2014,5
"Long-term interest rates, Per cent per annum",GBR,United Kingdom,2.7842,2014,6
"Long-term interest rates, Per cent per annum",GBR,United Kingdom,2.7343,2014,7
"Long-term interest rates, Per cent per annum",GBR,United Kingdom,2.5347,2014,8
"Long-term interest rates, Per cent per annum",GBR,United Kingdom,2.4919,2014,9
"Long-term interest rates, Per cent per annum",GBR,United Kingdom,2.2469,2014,10
"Long-term interest rates, Per cent per annum",GBR,United Kingdom,2.1593,2014,11
"Long-term interest rates, Per cent per annum",GBR,United Kingdom,1.9287,2014,12
"Long-term interest rates, Per cent per annum",GBR,United Kingdom,1.589,2015,1
"Long-term interest rates, Per cent per annum",GBR,United Kingdom,1.7365,2015,2
"Long-term interest rates, Per cent per annum",GBR,United Kingdom,1.7941,2015,3
"Long-term interest rates, Per cent per annum",GBR,United Kingdom,1.755,2015,4
"Long-term interest rates, Per cent per annum",GBR,United Kingdom,2.0243,2015,5
"Long-term interest rates, Per cent per annum",GBR,United Kingdom,2.1696,2015,6
"Long-term interest rates, Per cent per annum",GBR,United Kingdom,2.1353,2015,7
"Long-term interest rates, Per cent per annum",GBR,United Kingdom,1.9799,2015,8
"Long-term interest rates, Per cent per annum",GBR,United Kingdom,1.8814,2015,9
"Long-term interest rates, Per cent per annum",GBR,United Kingdom,1.846,2015,10
"Long-term interest rates, Per cent per annum",GBR,United Kingdom,1.9779,2015,11
"Long-term interest rates, Per cent per annum",GBR,United Kingdom,1.9234,2015,12
"Long-term interest rates, Per cent per annum",GBR,United Kingdom,1.7833,2016,1
"Long-term interest rates, Per cent per annum",GBR,United Kingdom,1.5032,2016,2
"Long-term interest rates, Per cent per annum",GBR,United Kingdom,1.5434,2016,3
"Long-term interest rates, Per cent per annum",GBR,United Kingdom,1.5688,2016,4
"Long-term interest rates, Per cent per annum",GBR,United Kingdom,1.5366,2016,5
"Long-term interest rates, Per cent per annum",GBR,United Kingdom,1.3105,2016,6
"Long-term interest rates, Per cent per annum",GBR,United Kingdom,0.9569,2016,7
"Long-term interest rates, Per cent per annum",GBR,United Kingdom,0.7421,2016,8
"Long-term interest rates, Per cent per annum",GBR,United Kingdom,0.8243,2016,9
"Long-term interest rates, Per cent per annum",GBR,United Kingdom,1.078,2016,10
"Long-term interest rates, Per cent per annum",GBR,United Kingdom,1.3818,2016,11
"Long-term interest rates, Per cent per annum",GBR,United Kingdom,1.4336,2016,12
"Long-term interest rates, Per cent per annum",GBR,United Kingdom,1.4203,2017,1
"Long-term interest rates, Per cent per annum",GBR,United Kingdom,1.3058,2017,2
"Long-term interest rates, Per cent per annum",GBR,United Kingdom,1.194,2017,3
"Long-term interest rates, Per cent per annum",GBR,United Kingdom,1.0789,2017,4
"Long-term interest rates, Per cent per annum",GBR,United Kingdom,1.1175,2017,5
"Long-term interest rates, Per cent per annum",GBR,United Kingdom,1.0846,2017,6
"Long-term interest rates, Per cent per annum",GBR,United Kingdom,1.2713,2017,7
"Long-term interest rates, Per cent per annum",GBR,United Kingdom,1.1241,2017,8
"Long-term interest rates, Per cent per annum",GBR,United Kingdom,1.2436,2017,9
"Long-term interest rates, Per cent per annum",GBR,United Kingdom,1.3816,2017,10
"Long-term interest rates, Per cent per annum",GBR,United Kingdom,1.3299,2017,11
"Long-term interest rates, Per cent per annum",GBR,United Kingdom,1.2781,2017,12
"Long-term interest rates, Per cent per annum",GBR,United Kingdom,1.3931,2018,1
"Long-term interest rates, Per cent per annum",GBR,United Kingdom,1.6034,2018,2
"Long-term interest rates, Per cent per annum",GBR,United Kingdom,1.508,2018,3
"Long-term interest rates, Per cent per annum",GBR,United Kingdom,1.5108,2018,4
"Long-term interest rates, Per cent per annum",GBR,United Kingdom,1.5016,2018,5
"Long-term interest rates, Per cent per annum",GBR,United Kingdom,1.4229,2018,6
"Long-term interest rates, Per cent per annum",GBR,United Kingdom,1.3739,2018,7
"Long-term interest rates, Per cent per annum",GBR,United Kingdom,1.3991,2018,8
"Long-term interest rates, Per cent per annum",GBR,United Kingdom,1.5023,2018,9
"Long-term interest rates, Per cent per annum",GBR,United Kingdom,1.5462,2018,10
"Long-term interest rates, Per cent per annum",GBR,United Kingdom,1.4541,2018,11
"Long-term interest rates, Per cent per annum",GBR,United Kingdom,1.3125,2018,12
"Long-term interest rates, Per cent per annum",GBR,United Kingdom,1.3221,2019,1
"Long-term interest rates, Per cent per annum",GBR,United Kingdom,1.239,2019,2
"Long-term interest rates, Per cent per annum",GBR,United Kingdom,1.19,2019,3
"Long-term interest rates, Per cent per annum",GBR,United Kingdom,1.1906,2019,4
"Long-term interest rates, Per cent per annum",GBR,United Kingdom,1.13,2019,5
"Long-term interest rates, Per cent per annum",GBR,United Kingdom,0.919,2019,6
"Long-term interest rates, Per cent per annum",GBR,United Kingdom,0.8304,2019,7
"Long-term interest rates, Per cent per annum",GBR,United Kingdom,0.5776,2019,8
"Long-term interest rates, Per cent per annum",GBR,United Kingdom,0.5981,2019,9
"Long-term interest rates, Per cent per annum",GBR,United Kingdom,0.6373,2019,10
"Long-term interest rates, Per cent per annum",GBR,United Kingdom,0.765,2019,11
"Long-term interest rates, Per cent per annum",GBR,United Kingdom,0.8308,2019,12
"Long-term interest rates, Per cent per annum",GBR,United Kingdom,0.7235,2020,1
"Long-term interest rates, Per cent per annum",GBR,United Kingdom,0.633,2020,2
"Long-term interest rates, Per cent per annum",GBR,United Kingdom,0.4609,2020,3
"Long-term interest rates, Per cent per annum",GBR,United Kingdom,0.3577,2020,4
"Long-term interest rates, Per cent per annum",GBR,United Kingdom,0.2743,2020,5
"Long-term interest rates, Per cent per annum",GBR,United Kingdom,0.278,2020,6
"Long-term interest rates, Per cent per annum",GBR,United Kingdom,0.2094,2020,7
"Long-term interest rates, Per cent per annum",GBR,United Kingdom,0.2717,2020,8
"Long-term interest rates, Per cent per annum",GBR,United Kingdom,0.273,2020,9
"Long-term interest rates, Per cent per annum",GBR,United Kingdom,0.3058,2020,10
"Long-term interest rates, Per cent per annum",GBR,United Kingdom,0.3836,2020,11
"Long-term interest rates, Per cent per annum",GBR,United Kingdom,0.3224,2020,12
"Long-term interest rates, Per cent per annum",GBR,United Kingdom,0.3672,2021,1
"Long-term interest rates, Per cent per annum",GBR,United Kingdom,0.6222,2021,2
"Long-term interest rates, Per cent per annum",GBR,United Kingdom,0.8456,2021,3
"Long-term interest rates, Per cent per annum",GBR,United Kingdom,0.8515,2021,4
"Long-term interest rates, Per cent per annum",GBR,United Kingdom,0.9058,2021,5
"Long-term interest rates, Per cent per annum",GBR,United Kingdom,0.8549,2021,6
"Long-term interest rates, Per cent per annum",GBR,United Kingdom,0.6979,2021,7
"Long-term interest rates, Per cent per annum",GBR,United Kingdom,0.644,2021,8
"Long-term interest rates, Per cent per annum",GBR,United Kingdom,0.8023,2021,9
"Long-term interest rates, Per cent per annum",GBR,United Kingdom,1.083,2021,10
"Long-term interest rates, Per cent per annum",GBR,United Kingdom,0.9394,2021,11
"Long-term interest rates, Per cent per annum",GBR,United Kingdom,0.8375,2021,12
"Long-term interest rates, Per cent per annum",GBR,United Kingdom,1.2051,2022,1
"Long-term interest rates, Per cent per annum",GBR,United Kingdom,1.4891,2022,2
"Long-term interest rates, Per cent per annum",GBR,United Kingdom,1.5457,2022,3
"Long-term interest rates, Per cent per annum",GBR,United Kingdom,1.8362,2022,4
"Long-term interest rates, Per cent per annum",GBR,United Kingdom,1.9069,2022,5
"Long-term interest rates, Per cent per annum",GBR,United Kingdom,2.3824,2022,6
"Long-term interest rates, Per cent per annum",GBR,United Kingdom,2.1454,2022,7
"Long-term interest rates, Per cent per annum",GBR,United Kingdom,2.3278,2022,8
"Long-term interest rates, Per cent per annum",GBR,United Kingdom,3.5007,2022,9
"Long-term interest rates, Per cent per annum",USA,United States,6.66,2000,1
"Long-term interest rates, Per cent per annum",USA,United States,6.52,2000,2
"Long-term interest rates, Per cent per annum",USA,United States,6.26,2000,3
"Long-term interest rates, Per cent per annum",USA,United States,5.99,2000,4
"Long-term interest rates, Per cent per annum",USA,United States,6.44,2000,5
"Long-term interest rates, Per cent per annum",USA,United States,6.1,2000,6
"Long-term interest rates, Per cent per annum",USA,United States,6.05,2000,7
"Long-term interest rates, Per cent per annum",USA,United States,5.83,2000,8
"Long-term interest rates, Per cent per annum",USA,United States,5.8,2000,9
"Long-term interest rates, Per cent per annum",USA,United States,5.74,2000,10
"Long-term interest rates, Per cent per annum",USA,United States,5.72,2000,11
"Long-term interest rates, Per cent per annum",USA,United States,5.24,2000,12
"Long-term interest rates, Per cent per annum",USA,United States,5.16,2001,1
"Long-term interest rates, Per cent per annum",USA,United States,5.1,2001,2
"Long-term interest rates, Per cent per annum",USA,United States,4.89,2001,3
"Long-term interest rates, Per cent per annum",USA,United States,5.14,2001,4
"Long-term interest rates, Per cent per annum",USA,United States,5.39,2001,5
"Long-term interest rates, Per cent per annum",USA,United States,5.28,2001,6
"Long-term interest rates, Per cent per annum",USA,United States,5.24,2001,7
"Long-term interest rates, Per cent per annum",USA,United States,4.97,2001,8
"Long-term interest rates, Per cent per annum",USA,United States,4.73,2001,9
"Long-term interest rates, Per cent per annum",USA,United States,4.57,2001,10
"Long-term interest rates, Per cent per annum",USA,United States,4.65,2001,11
"Long-term interest rates, Per cent per annum",USA,United States,5.09,2001,12
"Long-term interest rates, Per cent per annum",USA,United States,5.04,2002,1
"Long-term interest rates, Per cent per annum",USA,United States,4.91,2002,2
"Long-term interest rates, Per cent per annum",USA,United States,5.28,2002,3
"Long-term interest rates, Per cent per annum",USA,United States,5.21,2002,4
"Long-term interest rates, Per cent per annum",USA,United States,5.16,2002,5
"Long-term interest rates, Per cent per annum",USA,United States,4.93,2002,6
"Long-term interest rates, Per cent per annum",USA,United States,4.65,2002,7
"Long-term interest rates, Per cent per annum",USA,United States,4.26,2002,8
"Long-term interest rates, Per cent per annum",USA,United States,3.87,2002,9
"Long-term interest rates, Per cent per annum",USA,United States,3.94,2002,10
"Long-term interest rates, Per cent per annum",USA,United States,4.05,2002,11
"Long-term interest rates, Per cent per annum",USA,United States,4.03,2002,12
"Long-term interest rates, Per cent per annum",USA,United States,4.05,2003,1
"Long-term interest rates, Per cent per annum",USA,United States,3.9,2003,2
"Long-term interest rates, Per cent per annum",USA,United States,3.81,2003,3
"Long-term interest rates, Per cent per annum",USA,United States,3.96,2003,4
"Long-term interest rates, Per cent per annum",USA,United States,3.57,2003,5
"Long-term interest rates, Per cent per annum",USA,United States,3.33,2003,6
"Long-term interest rates, Per cent per annum",USA,United States,3.98,2003,7
"Long-term interest rates, Per cent per annum",USA,United States,4.45,2003,8
"Long-term interest rates, Per cent per annum",USA,United States,4.27,2003,9
"Long-term interest rates, Per cent per annum",USA,United States,4.29,2003,10
"Long-term interest rates, Per cent per annum",USA,United States,4.3,2003,11
"Long-term interest rates, Per cent per annum",USA,United States,4.27,2003,12
"Long-term interest rates, Per cent per annum",USA,United States,4.15,2004,1
"Long-term interest rates, Per cent per annum",USA,United States,4.08,2004,2
"Long-term interest rates, Per cent per annum",USA,United States,3.83,2004,3
"Long-term interest rates, Per cent per annum",USA,United States,4.35,2004,4
"Long-term interest rates, Per cent per annum",USA,United States,4.72,2004,5
"Long-term interest rates, Per cent per annum",USA,United States,4.73,2004,6
"Long-term interest rates, Per cent per annum",USA,United States,4.5,2004,7
"Long-term interest rates, Per cent per annum",USA,United States,4.28,2004,8
"Long-term interest rates, Per cent per annum",USA,United States,4.13,2004,9
"Long-term interest rates, Per cent per annum",USA,United States,4.1,2004,10
"Long-term interest rates, Per cent per annum",USA,United States,4.19,2004,11
"Long-term interest rates, Per cent per annum",USA,United States,4.23,2004,12
"Long-term interest rates, Per cent per annum",USA,United States,4.22,2005,1
"Long-term interest rates, Per cent per annum",USA,United States,4.17,2005,2
"Long-term interest rates, Per cent per annum",USA,United States,4.5,2005,3
"Long-term interest rates, Per cent per annum",USA,United States,4.34,2005,4
"Long-term interest rates, Per cent per annum",USA,United States,4.14,2005,5
"Long-term interest rates, Per cent per annum",USA,United States,4.0,2005,6
"Long-term interest rates, Per cent per annum",USA,United States,4.18,2005,7
"Long-term interest rates, Per cent per annum",USA,United States,4.26,2005,8
"Long-term interest rates, Per cent per annum",USA,United States,4.2,2005,9
"Long-term interest rates, Per cent per annum",USA,United States,4.46,2005,10
"Long-term interest rates, Per cent per annum",USA,United States,4.54,2005,11
"Long-term interest rates, Per cent per annum",USA,United States,4.47,2005,12
"Long-term interest rates, Per cent per annum",USA,United States,4.42,2006,1
"Long-term interest rates, Per cent per annum",USA,United States,4.57,2006,2
"Long-term interest rates, Per cent per annum",USA,United States,4.72,2006,3
"Long-term interest rates, Per cent per annum",USA,United States,4.99,2006,4
"Long-term interest rates, Per cent per annum",USA,United States,5.11,2006,5
"Long-term interest rates, Per cent per annum",USA,United States,5.11,2006,6
"Long-term interest rates, Per cent per annum",USA,United States,5.09,2006,7
"Long-term interest rates, Per cent per annum",USA,United States,4.88,2006,8
"Long-term interest rates, Per cent per annum",USA,United States,4.72,2006,9
"Long-term interest rates, Per cent per annum",USA,United States,4.73,2006,10
"Long-term interest rates, Per cent per annum",USA,United States,4.6,2006,11
"Long-term interest rates, Per cent per annum",USA,United States,4.56,2006,12
"Long-term interest rates, Per cent per annum",USA,United States,4.76,2007,1
"Long-term interest rates, Per cent per annum",USA,United States,4.72,2007,2
"Long-term interest rates, Per cent per annum",USA,United States,4.56,2007,3
"Long-term interest rates, Per cent per annum",USA,United States,4.69,2007,4
"Long-term interest rates, Per cent per annum",USA,United States,4.75,2007,5
"Long-term interest rates, Per cent per annum",USA,United States,5.1,2007,6
"Long-term interest rates, Per cent per annum",USA,United States,5.0,2007,7
"Long-term interest rates, Per cent per annum",USA,United States,4.67,2007,8
"Long-term interest rates, Per cent per annum",USA,United States,4.52,2007,9
"Long-term interest rates, Per cent per annum",USA,United States,4.53,2007,10
"Long-term interest rates, Per cent per annum",USA,United States,4.15,2007,11
"Long-term interest rates, Per cent per annum",USA,United States,4.1,2007,12
"Long-term interest rates, Per cent per annum",USA,United States,3.74,2008,1
"Long-term interest rates, Per cent per annum",USA,United States,3.74,2008,2
"Long-term interest rates, Per cent per annum",USA,United States,3.51,2008,3
"Long-term interest rates, Per cent per annum",USA,United States,3.68,2008,4
"Long-term interest rates, Per cent per annum",USA,United States,3.88,2008,5
"Long-term interest rates, Per cent per annum",USA,United States,4.1,2008,6
"Long-term interest rates, Per cent per annum",USA,United States,4.01,2008,7
"Long-term interest rates, Per cent per annum",USA,United States,3.89,2008,8
"Long-term interest rates, Per cent per annum",USA,United States,3.69,2008,9
"Long-term interest rates, Per cent per annum",USA,United States,3.81,2008,10
"Long-term interest rates, Per cent per annum",USA,United States,3.53,2008,11
"Long-term interest rates, Per cent per annum",USA,United States,2.42,2008,12
"Long-term interest rates, Per cent per annum",USA,United States,2.52,2009,1
"Long-term interest rates, Per cent per annum",USA,United States,2.87,2009,2
"Long-term interest rates, Per cent per annum",USA,United States,2.82,2009,3
"Long-term interest rates, Per cent per annum",USA,United States,2.93,2009,4
"Long-term interest rates, Per cent per annum",USA,United States,3.29,2009,5
"Long-term interest rates, Per cent per annum",USA,United States,3.72,2009,6
"Long-term interest rates, Per cent per annum",USA,United States,3.56,2009,7
"Long-term interest rates, Per cent per annum",USA,United States,3.59,2009,8
"Long-term interest rates, Per cent per annum",USA,United States,3.4,2009,9
"Long-term interest rates, Per cent per annum",USA,United States,3.39,2009,10
"Long-term interest rates, Per cent per annum",USA,United States,3.4,2009,11
"Long-term interest rates, Per cent per annum",USA,United States,3.59,2009,12
"Long-term interest rates, Per cent per annum",USA,United States,3.73,2010,1
"Long-term interest rates, Per cent per annum",USA,United States,3.69,2010,2
"Long-term interest rates, Per cent per annum",USA,United States,3.73,2010,3
"Long-term interest rates, Per cent per annum",USA,United States,3.85,2010,4
"Long-term interest rates, Per cent per annum",USA,United States,3.42,2010,5
"Long-term interest rates, Per cent per annum",USA,United States,3.2,2010,6
"Long-term interest rates, Per cent per annum",USA,United States,3.01,2010,7
"Long-term interest rates, Per cent per annum",USA,United States,2.7,2010,8
"Long-term interest rates, Per cent per annum",USA,United States,2.65,2010,9
"Long-term interest rates, Per cent per annum",USA,United States,2.54,2010,10
"Long-term interest rates, Per cent per annum",USA,United States,2.76,2010,11
"Long-term interest rates, Per cent per annum",USA,United States,3.29,2010,12
"Long-term interest rates, Per cent per annum",USA,United States,3.39,2011,1
"Long-term interest rates, Per cent per annum",USA,United States,3.58,2011,2
"Long-term interest rates, Per cent per annum",USA,United States,3.41,2011,3
"Long-term interest rates, Per cent per annum",USA,United States,3.46,2011,4
"Long-term interest rates, Per cent per annum",USA,United States,3.17,2011,5
"Long-term interest rates, Per cent per annum",USA,United States,3.0,2011,6
"Long-term interest rates, Per cent per annum",USA,United States,3.0,2011,7
"Long-term interest rates, Per cent per annum",USA,United States,2.3,2011,8
"Long-term interest rates, Per cent per annum",USA,United States,1.98,2011,9
"Long-term interest rates, Per cent per annum",USA,United States,2.15,2011,10
"Long-term interest rates, Per cent per annum",USA,United States,2.01,2011,11
"Long-term interest rates, Per cent per annum",USA,United States,1.98,2011,12
"Long-term interest rates, Per cent per annum",USA,United States,1.97,2012,1
"Long-term interest rates, Per cent per annum",USA,United States,1.97,2012,2
"Long-term interest rates, Per cent per annum",USA,United States,2.17,2012,3
"Long-term interest rates, Per cent per annum",USA,United States,2.05,2012,4
"Long-term interest rates, Per cent per annum",USA,United States,1.8,2012,5
"Long-term interest rates, Per cent per annum",USA,United States,1.62,2012,6
"Long-term interest rates, Per cent per annum",USA,United States,1.53,2012,7
"Long-term interest rates, Per cent per annum",USA,United States,1.68,2012,8
"Long-term interest rates, Per cent per annum",USA,United States,1.72,2012,9
"Long-term interest rates, Per cent per annum",USA,United States,1.75,2012,10
"Long-term interest rates, Per cent per annum",USA,United States,1.65,2012,11
"Long-term interest rates, Per cent per annum",USA,United States,1.72,2012,12
"Long-term interest rates, Per cent per annum",USA,United States,1.91,2013,1
"Long-term interest rates, Per cent per annum",USA,United States,1.98,2013,2
"Long-term interest rates, Per cent per annum",USA,United States,1.96,2013,3
"Long-term interest rates, Per cent per annum",USA,United States,1.76,2013,4
"Long-term interest rates, Per cent per annum",USA,United States,1.93,2013,5
"Long-term interest rates, Per cent per annum",USA,United States,2.3,2013,6
"Long-term interest rates, Per cent per annum",USA,United States,2.58,2013,7
"Long-term interest rates, Per cent per annum",USA,United States,2.74,2013,8
"Long-term interest rates, Per cent per annum",USA,United States,2.81,2013,9
"Long-term interest rates, Per cent per annum",USA,United States,2.62,2013,10
"Long-term interest rates, Per cent per annum",USA,United States,2.72,2013,11
"Long-term interest rates, Per cent per annum",USA,United States,2.9,2013,12
"Long-term interest rates, Per cent per annum",USA,United States,2.86,2014,1
"Long-term interest rates, Per cent per annum",USA,United States,2.71,2014,2
"Long-term interest rates, Per cent per annum",USA,United States,2.72,2014,3
"Long-term interest rates, Per cent per annum",USA,United States,2.71,2014,4
"Long-term interest rates, Per cent per annum",USA,United States,2.56,2014,5
"Long-term interest rates, Per cent per annum",USA,United States,2.6,2014,6
"Long-term interest rates, Per cent per annum",USA,United States,2.54,2014,7
"Long-term interest rates, Per cent per annum",USA,United States,2.42,2014,8
"Long-term interest rates, Per cent per annum",USA,United States,2.53,2014,9
"Long-term interest rates, Per cent per annum",USA,United States,2.3,2014,10
"Long-term interest rates, Per cent per annum",USA,United States,2.33,2014,11
"Long-term interest rates, Per cent per annum",USA,United States,2.21,2014,12
"Long-term interest rates, Per cent per annum",USA,United States,1.88,2015,1
"Long-term interest rates, Per cent per annum",USA,United States,1.98,2015,2
"Long-term interest rates, Per cent per annum",USA,United States,2.04,2015,3
"Long-term interest rates, Per cent per annum",USA,United States,1.94,2015,4
"Long-term interest rates, Per cent per annum",USA,United States,2.2,2015,5
"Long-term interest rates, Per cent per annum",USA,United States,2.36,2015,6
"Long-term interest rates, Per cent per annum",USA,United States,2.32,2015,7
"Long-term interest rates, Per cent per annum",USA,United States,2.17,2015,8
"Long-term interest rates, Per cent per annum",USA,United States,2.17,2015,9
"Long-term interest rates, Per cent per annum",USA,United States,2.07,2015,10
"Long-term interest rates, Per cent per annum",USA,United States,2.26,2015,11
"Long-term interest rates, Per cent per annum",USA,United States,2.24,2015,12
"Long-term interest rates, Per cent per annum",USA,United States,2.09,2016,1
"Long-term interest rates, Per cent per annum",USA,United States,1.78,2016,2
"Long-term interest rates, Per cent per annum",USA,United States,1.89,2016,3
"Long-term interest rates, Per cent per annum",USA,United States,1.81,2016,4
"Long-term interest rates, Per cent per annum",USA,United States,1.81,2016,5
"Long-term interest rates, Per cent per annum",USA,United States,1.64,2016,6
"Long-term interest rates, Per cent per annum",USA,United States,1.5,2016,7
"Long-term interest rates, Per cent per annum",USA,United States,1.56,2016,8
"Long-term interest rates, Per cent per annum",USA,United States,1.63,2016,9
"Long-term interest rates, Per cent per annum",USA,United States,1.76,2016,10
"Long-term interest rates, Per cent per annum",USA,United States,2.14,2016,11
"Long-term interest rates, Per cent per annum",USA,United States,2.49,2016,12
"Long-term interest rates, Per cent per annum",USA,United States,2.43,2017,1
"Long-term interest rates, Per cent per annum",USA,United States,2.42,2017,2
"Long-term interest rates, Per cent per annum",USA,United States,2.48,2017,3
"Long-term interest rates, Per cent per annum",USA,United States,2.3,2017,4
"Long-term interest rates, Per cent per annum",USA,United States,2.3,2017,5
"Long-term interest rates, Per cent per annum",USA,United States,2.19,2017,6
"Long-term interest rates, Per cent per annum",USA,United States,2.32,2017,7
"Long-term interest rates, Per cent per annum",USA,United States,2.21,2017,8
"Long-term interest rates, Per cent per annum",USA,United States,2.2,2017,9
"Long-term interest rates, Per cent per annum",USA,United States,2.36,2017,10
"Long-term interest rates, Per cent per annum",USA,United States,2.35,2017,11
"Long-term interest rates, Per cent per annum",USA,United States,2.4,2017,12
"Long-term interest rates, Per cent per annum",USA,United States,2.58,2018,1
"Long-term interest rates, Per cent per annum",USA,United States,2.86,2018,2
"Long-term interest rates, Per cent per annum",USA,United States,2.84,2018,3
"Long-term interest rates, Per cent per annum",USA,United States,2.87,2018,4
"Long-term interest rates, Per cent per annum",USA,United States,2.98,2018,5
"Long-term interest rates, Per cent per annum",USA,United States,2.91,2018,6
"Long-term interest rates, Per cent per annum",USA,United States,2.89,2018,7
"Long-term interest rates, Per cent per annum",USA,United States,2.89,2018,8
"Long-term interest rates, Per cent per annum",USA,United States,3.0,2018,9
"Long-term interest rates, Per cent per annum",USA,United States,3.15,2018,10
"Long-term interest rates, Per cent per annum",USA,United States,3.12,2018,11
"Long-term interest rates, Per cent per annum",USA,United States,2.83,2018,12
"Long-term interest rates, Per cent per annum",USA,United States,2.71,2019,1
"Long-term interest rates, Per cent per annum",USA,United States,2.68,2019,2
"Long-term interest rates, Per cent per annum",USA,United States,2.57,2019,3
"Long-term interest rates, Per cent per annum",USA,United States,2.53,2019,4
"Long-term interest rates, Per cent per annum",USA,United States,2.4,2019,5
"Long-term interest rates, Per cent per annum",USA,United States,2.07,2019,6
"Long-term interest rates, Per cent per annum",USA,United States,2.06,2019,7
"Long-term interest rates, Per cent per annum",USA,United States,1.63,2019,8
"Long-term interest rates, Per cent per annum",USA,United States,1.7,2019,9
"Long-term interest rates, Per cent per annum",USA,United States,1.71,2019,10
"Long-term interest rates, Per cent per annum",USA,United States,1.81,2019,11
"Long-term interest rates, Per cent per annum",USA,United States,1.86,2019,12
"Long-term interest rates, Per cent per annum",USA,United States,1.76,2020,1
"Long-term interest rates, Per cent per annum",USA,United States,1.5,2020,2
"Long-term interest rates, Per cent per annum",USA,United States,0.87,2020,3
"Long-term interest rates, Per cent per annum",USA,United States,0.66,2020,4
"Long-term interest rates, Per cent per annum",USA,United States,0.67,2020,5
"Long-term interest rates, Per cent per annum",USA,United States,0.73,2020,6
"Long-term interest rates, Per cent per annum",USA,United States,0.62,2020,7
"Long-term interest rates, Per cent per annum",USA,United States,0.65,2020,8
"Long-term interest rates, Per cent per annum",USA,United States,0.68,2020,9
"Long-term interest rates, Per cent per annum",USA,United States,0.79,2020,10
"Long-term interest rates, Per cent per annum",USA,United States,0.87,2020,11
"Long-term interest rates, Per cent per annum",USA,United States,0.93,2020,12
"Long-term interest rates, Per cent per annum",USA,United States,1.08,2021,1
"Long-term interest rates, Per cent per annum",USA,United States,1.26,2021,2
"Long-term interest rates, Per cent per annum",USA,United States,1.61,2021,3
"Long-term interest rates, Per cent per annum",USA,United States,1.64,2021,4
"Long-term interest rates, Per cent per annum",USA,United States,1.62,2021,5
"Long-term interest rates, Per cent per annum",USA,United States,1.52,2021,6
"Long-term interest rates, Per cent per annum",USA,United States,1.32,2021,7
"Long-term interest rates, Per cent per annum",USA,United States,1.28,2021,8
"Long-term interest rates, Per cent per annum",USA,United States,1.37,2021,9
"Long-term interest rates, Per cent per annum",USA,United States,1.58,2021,10
"Long-term interest rates, Per cent per annum",USA,United States,1.56,2021,11
"Long-term interest rates, Per cent per annum",USA,United States,1.47,2021,12
"Long-term interest rates, Per cent per annum",USA,United States,1.76,2022,1
"Long-term interest rates, Per cent per annum",USA,United States,1.93,2022,2
"Long-term interest rates, Per cent per annum",USA,United States,2.13,2022,3
"Long-term interest rates, Per cent per annum",USA,United States,2.75,2022,4
"Long-term interest rates, Per cent per annum",USA,United States,2.9,2022,5
"Long-term interest rates, Per cent per annum",USA,United States,3.14,2022,6
"Long-term interest rates, Per cent per annum",USA,United States,2.9,2022,7
"Long-term interest rates, Per cent per annum",USA,United States,2.9,2022,8
"Long-term interest rates, Per cent per annum",USA,United States,3.52,2022,9
