Subject,LOCATION,Country,Interest-Rate,Year,Month
"Short-term interest rates, Per cent per annum",AUS,Australia,5.66,2000,1
"Short-term interest rates, Per cent per annum",AUS,Australia,5.8,2000,2
"Short-term interest rates, Per cent per annum",AUS,Australia,5.89,2000,3
"Short-term interest rates, Per cent per annum",AUS,Australia,6.04,2000,4
"Short-term interest rates, Per cent per annum",AUS,Australia,6.31,2000,5
"Short-term interest rates, Per cent per annum",AUS,Australia,6.23,2000,6
"Short-term interest rates, Per cent per annum",AUS,Australia,6.2,2000,7
"Short-term interest rates, Per cent per annum",AUS,Australia,6.49,2000,8
"Short-term interest rates, Per cent per annum",AUS,Australia,6.57,2000,9
"Short-term interest rates, Per cent per annum",AUS,Australia,6.41,2000,10
"Short-term interest rates, Per cent per annum",AUS,Australia,6.33,2000,11
"Short-term interest rates, Per cent per annum",AUS,Australia,6.2,2000,12
"Short-term interest rates, Per cent per annum",AUS,Australia,5.91,2001,1
"Short-term interest rates, Per cent per annum",AUS,Australia,5.59,2001,2
"Short-term interest rates, Per cent per annum",AUS,Australia,5.14,2001,3
"Short-term interest rates, Per cent per annum",AUS,Australia,4.86,2001,4
"Short-term interest rates, Per cent per annum",AUS,Australia,4.89,2001,5
"Short-term interest rates, Per cent per annum",AUS,Australia,4.97,2001,6
"Short-term interest rates, Per cent per annum",AUS,Australia,5.04,2001,7
"Short-term interest rates, Per cent per annum",AUS,Australia,4.95,2001,8
"Short-term interest rates, Per cent per annum",AUS,Australia,4.55,2001,9
"Short-term interest rates, Per cent per annum",AUS,Australia,4.36,2001,10
"Short-term interest rates, Per cent per annum",AUS,Australia,4.28,2001,11
"Short-term interest rates, Per cent per annum",AUS,Australia,4.25,2001,12
"Short-term interest rates, Per cent per annum",AUS,Australia,4.26,2002,1
"Short-term interest rates, Per cent per annum",AUS,Australia,4.31,2002,2
"Short-term interest rates, Per cent per annum",AUS,Australia,4.46,2002,3
"Short-term interest rates, Per cent per annum",AUS,Australia,4.59,2002,4
"Short-term interest rates, Per cent per annum",AUS,Australia,4.84,2002,5
"Short-term interest rates, Per cent per annum",AUS,Australia,5.07,2002,6
"Short-term interest rates, Per cent per annum",AUS,Australia,4.98,2002,7
"Short-term interest rates, Per cent per annum",AUS,Australia,4.96,2002,8
"Short-term interest rates, Per cent per annum",AUS,Australia,4.92,2002,9
"Short-term interest rates, Per cent per annum",AUS,Australia,4.9,2002,10
"Short-term interest rates, Per cent per annum",AUS,Australia,4.84,2002,11
"Short-term interest rates, Per cent per annum",AUS,Australia,4.83,2002,12
"Short-term interest rates, Per cent per annum",AUS,Australia,4.8,2003,1
"Short-term interest rates, Per cent per annum",AUS,Australia,4.75,2003,2
"Short-term interest rates, Per cent per annum",AUS,Australia,4.76,2003,3
"Short-term interest rates, Per cent per annum",AUS,Australia,4.79,2003,4
"Short-term interest rates, Per cent per annum",AUS,Australia,4.78,2003,5
"Short-term interest rates, Per cent per annum",AUS,Australia,4.67,2003,6
"Short-term interest rates, Per cent per annum",AUS,Australia,4.72,2003,7
"Short-term interest rates, Per cent per annum",AUS,Australia,4.82,2003,8
"Short-term interest rates, Per cent per annum",AUS,Australia,4.91,2003,9
"Short-term interest rates, Per cent per annum",AUS,Australia,4.97,2003,10
"Short-term interest rates, Per cent per annum",AUS,Australia,5.31,2003,11
"Short-term interest rates, Per cent per annum",AUS,Australia,5.47,2003,12
"Short-term interest rates, Per cent per annum",AUS,Australia,5.55,2004,1
"Short-term interest rates, Per cent per annum",AUS,Australia,5.57,2004,2
"Short-term interest rates, Per cent per annum",AUS,Australia,5.51,2004,3
"Short-term interest rates, Per cent per annum",AUS,Australia,5.54,2004,4
"Short-term interest rates, Per cent per annum",AUS,Australia,5.51,2004,5
"Short-term interest rates, Per cent per annum",AUS,Australia,5.49,2004,6
"Short-term interest rates, Per cent per annum",AUS,Australia,5.46,2004,7
"Short-term interest rates, Per cent per annum",AUS,Australia,5.44,2004,8
"Short-term interest rates, Per cent per annum",AUS,Australia,5.42,2004,9
"Short-term interest rates, Per cent per annum",AUS,Australia,5.41,2004,10
"Short-term interest rates, Per cent per annum",AUS,Australia,5.43,2004,11
"Short-term interest rates, Per cent per annum",AUS,Australia,5.41,2004,12
"Short-term interest rates, Per cent per annum",AUS,Australia,5.42,2005,1
"Short-term interest rates, Per cent per annum",AUS,Australia,5.63,2005,2
"Short-term interest rates, Per cent per annum",AUS,Australia,5.81,2005,3
"Short-term interest rates, Per cent per annum",AUS,Australia,5.75,2005,4
"Short-term interest rates, Per cent per annum",AUS,Australia,5.68,2005,5
"Short-term interest rates, Per cent per annum",AUS,Australia,5.66,2005,6
"Short-term interest rates, Per cent per annum",AUS,Australia,5.65,2005,7
"Short-term interest rates, Per cent per annum",AUS,Australia,5.62,2005,8
"Short-term interest rates, Per cent per annum",AUS,Australia,5.62,2005,9
"Short-term interest rates, Per cent per annum",AUS,Australia,5.63,2005,10
"Short-term interest rates, Per cent per annum",AUS,Australia,5.63,2005,11
"Short-term interest rates, Per cent per annum",AUS,Australia,5.63,2005,12
"Short-term interest rates, Per cent per annum",AUS,Australia,5.63,2006,1
"Short-term interest rates, Per cent per annum",AUS,Australia,5.61,2006,2
"Short-term interest rates, Per cent per annum",AUS,Australia,5.61,2006,3
"Short-term interest rates, Per cent per annum",AUS,Australia,5.69,2006,4
"Short-term interest rates, Per cent per annum",AUS,Australia,5.87,2006,5
"Short-term interest rates, Per cent per annum",AUS,Australia,5.96,2006,6
"Short-term interest rates, Per cent per annum",AUS,Australia,6.05,2006,7
"Short-term interest rates, Per cent per annum",AUS,Australia,6.19,2006,8
"Short-term interest rates, Per cent per annum",AUS,Australia,6.21,2006,9
"Short-term interest rates, Per cent per annum",AUS,Australia,6.28,2006,10
"Short-term interest rates, Per cent per annum",AUS,Australia,6.37,2006,11
"Short-term interest rates, Per cent per annum",AUS,Australia,6.39,2006,12
"Short-term interest rates, Per cent per annum",AUS,Australia,6.43,2007,1
"Short-term interest rates, Per cent per annum",AUS,Australia,6.37,2007,2
"Short-term interest rates, Per cent per annum",AUS,Australia,6.43,2007,3
"Short-term interest rates, Per cent per annum",AUS,Australia,6.48,2007,4
"Short-term interest rates, Per cent per annum",AUS,Australia,6.37,2007,5
"Short-term interest rates, Per cent per annum",AUS,Australia,6.42,2007,6
"Short-term interest rates, Per cent per annum",AUS,Australia,6.47,2007,7
"Short-term interest rates, Per cent per annum",AUS,Australia,6.75,2007,8
"Short-term interest rates, Per cent per annum",AUS,Australia,6.94,2007,9
"Short-term interest rates, Per cent per annum",AUS,Australia,6.91,2007,10
"Short-term interest rates, Per cent per annum",AUS,Australia,7.15,2007,11
"Short-term interest rates, Per cent per annum",AUS,Australia,7.29,2007,12
"Short-term interest rates, Per cent per annum",AUS,Australia,7.18,2008,1
"Short-term interest rates, Per cent per annum",AUS,Australia,7.69,2008,2
"Short-term interest rates, Per cent per annum",AUS,Australia,7.9,2008,3
"Short-term interest rates, Per cent per annum",AUS,Australia,7.84,2008,4
"Short-term interest rates, Per cent per annum",AUS,Australia,7.75,2008,5
"Short-term interest rates, Per cent per annum",AUS,Australia,7.81,2008,6
"Short-term interest rates, Per cent per annum",AUS,Australia,7.75,2008,7
"Short-term interest rates, Per cent per annum",AUS,Australia,7.31,2008,8
"Short-term interest rates, Per cent per annum",AUS,Australia,7.27,2008,9
"Short-term interest rates, Per cent per annum",AUS,Australia,6.03,2008,10
"Short-term interest rates, Per cent per annum",AUS,Australia,4.76,2008,11
"Short-term interest rates, Per cent per annum",AUS,Australia,4.39,2008,12
"Short-term interest rates, Per cent per annum",AUS,Australia,3.74,2009,1
"Short-term interest rates, Per cent per annum",AUS,Australia,3.16,2009,2
"Short-term interest rates, Per cent per annum",AUS,Australia,3.16,2009,3
"Short-term interest rates, Per cent per annum",AUS,Australia,3.1,2009,4
"Short-term interest rates, Per cent per annum",AUS,Australia,3.13,2009,5
"Short-term interest rates, Per cent per annum",AUS,Australia,3.25,2009,6
"Short-term interest rates, Per cent per annum",AUS,Australia,3.14,2009,7
"Short-term interest rates, Per cent per annum",AUS,Australia,3.3,2009,8
"Short-term interest rates, Per cent per annum",AUS,Australia,3.37,2009,9
"Short-term interest rates, Per cent per annum",AUS,Australia,3.78,2009,10
"Short-term interest rates, Per cent per annum",AUS,Australia,3.95,2009,11
"Short-term interest rates, Per cent per annum",AUS,Australia,4.13,2009,12
"Short-term interest rates, Per cent per annum",AUS,Australia,4.2,2010,1
"Short-term interest rates, Per cent per annum",AUS,Australia,4.16,2010,2
"Short-term interest rates, Per cent per annum",AUS,Australia,4.33,2010,3
"Short-term interest rates, Per cent per annum",AUS,Australia,4.55,2010,4
"Short-term interest rates, Per cent per annum",AUS,Australia,4.81,2010,5
"Short-term interest rates, Per cent per annum",AUS,Australia,4.89,2010,6
"Short-term interest rates, Per cent per annum",AUS,Australia,4.84,2010,7
"Short-term interest rates, Per cent per annum",AUS,Australia,4.74,2010,8
"Short-term interest rates, Per cent per annum",AUS,Australia,4.82,2010,9
"Short-term interest rates, Per cent per annum",AUS,Australia,4.81,2010,10
"Short-term interest rates, Per cent per annum",AUS,Australia,5.02,2010,11
"Short-term interest rates, Per cent per annum",AUS,Australia,5.03,2010,12
"Short-term interest rates, Per cent per annum",AUS,Australia,4.96,2011,1
"Short-term interest rates, Per cent per annum",AUS,Australia,4.92,2011,2
"Short-term interest rates, Per cent per annum",AUS,Australia,4.92,2011,3
"Short-term interest rates, Per cent per annum",AUS,Australia,4.9,2011,4
"Short-term interest rates, Per cent per annum",AUS,Australia,5.0,2011,5
"Short-term interest rates, Per cent per annum",AUS,Australia,4.99,2011,6
"Short-term interest rates, Per cent per annum",AUS,Australia,4.96,2011,7
"Short-term interest rates, Per cent per annum",AUS,Australia,4.86,2011,8
"Short-term interest rates, Per cent per annum",AUS,Australia,4.81,2011,9
"Short-term interest rates, Per cent per annum",AUS,Australia,4.73,2011,10
"Short-term interest rates, Per cent per annum",AUS,Australia,4.62,2011,11
"Short-term interest rates, Per cent per annum",AUS,Australia,4.51,2011,12
"Short-term interest rates, Per cent per annum",AUS,Australia,4.41,2012,1
"Short-term interest rates, Per cent per annum",AUS,Australia,4.37,2012,2
"Short-term interest rates, Per cent per annum",AUS,Australia,4.44,2012,3
"Short-term interest rates, Per cent per annum",AUS,Australia,4.2,2012,4
"Short-term interest rates, Per cent per annum",AUS,Australia,3.66,2012,5
"Short-term interest rates, Per cent per annum",AUS,Australia,3.49,2012,6
"Short-term interest rates, Per cent per annum",AUS,Australia,3.55,2012,7
"Short-term interest rates, Per cent per annum",AUS,Australia,3.62,2012,8
"Short-term interest rates, Per cent per annum",AUS,Australia,3.49,2012,9
"Short-term interest rates, Per cent per annum",AUS,Australia,3.16,2012,10
"Short-term interest rates, Per cent per annum",AUS,Australia,3.24,2012,11
"Short-term interest rates, Per cent per annum",AUS,Australia,3.11,2012,12
"Short-term interest rates, Per cent per annum",AUS,Australia,3.0,2013,1
"Short-term interest rates, Per cent per annum",AUS,Australia,2.94,2013,2
"Short-term interest rates, Per cent per annum",AUS,Australia,3.05,2013,3
"Short-term interest rates, Per cent per annum",AUS,Australia,3.02,2013,4
"Short-term interest rates, Per cent per annum",AUS,Australia,2.82,2013,5
"Short-term interest rates, Per cent per annum",AUS,Australia,2.8,2013,6
"Short-term interest rates, Per cent per annum",AUS,Australia,2.76,2013,7
"Short-term interest rates, Per cent per annum",AUS,Australia,2.6,2013,8
"Short-term interest rates, Per cent per annum",AUS,Australia,2.58,2013,9
"Short-term interest rates, Per cent per annum",AUS,Australia,2.58,2013,10
"Short-term interest rates, Per cent per annum",AUS,Australia,2.58,2013,11
"Short-term interest rates, Per cent per annum",AUS,Australia,2.6,2013,12
"Short-term interest rates, Per cent per annum",AUS,Australia,2.62,2014,1
"Short-term interest rates, Per cent per annum",AUS,Australia,2.63,2014,2
"Short-term interest rates, Per cent per annum",AUS,Australia,2.65,2014,3
"Short-term interest rates, Per cent per annum",AUS,Australia,2.68,2014,4
"Short-term interest rates, Per cent per annum",AUS,Australia,2.69,2014,5
"Short-term interest rates, Per cent per annum",AUS,Australia,2.7,2014,6
"Short-term interest rates, Per cent per annum",AUS,Australia,2.65,2014,7
"Short-term interest rates, Per cent per annum",AUS,Australia,2.63,2014,8
"Short-term interest rates, Per cent per annum",AUS,Australia,2.66,2014,9
"Short-term interest rates, Per cent per annum",AUS,Australia,2.72,2014,10
"Short-term interest rates, Per cent per annum",AUS,Australia,2.75,2014,11
"Short-term interest rates, Per cent per annum",AUS,Australia,2.75,2014,12
"Short-term interest rates, Per cent per annum",AUS,Australia,2.7,2015,1
"Short-term interest rates, Per cent per annum",AUS,Australia,2.36,2015,2
"Short-term interest rates, Per cent per annum",AUS,Australia,2.3,2015,3
"Short-term interest rates, Per cent per annum",AUS,Australia,2.25,2015,4
"Short-term interest rates, Per cent per annum",AUS,Australia,2.15,2015,5
"Short-term interest rates, Per cent per annum",AUS,Australia,2.15,2015,6
"Short-term interest rates, Per cent per annum",AUS,Australia,2.14,2015,7
"Short-term interest rates, Per cent per annum",AUS,Australia,2.14,2015,8
"Short-term interest rates, Per cent per annum",AUS,Australia,2.17,2015,9
"Short-term interest rates, Per cent per annum",AUS,Australia,2.15,2015,10
"Short-term interest rates, Per cent per annum",AUS,Australia,2.22,2015,11
"Short-term interest rates, Per cent per annum",AUS,Australia,2.34,2015,12
"Short-term interest rates, Per cent per annum",AUS,Australia,2.3,2016,1
"Short-term interest rates, Per cent per annum",AUS,Australia,2.28,2016,2
"Short-term interest rates, Per cent per annum",AUS,Australia,2.31,2016,3
"Short-term interest rates, Per cent per annum",AUS,Australia,2.26,2016,4
"Short-term interest rates, Per cent per annum",AUS,Australia,2.0,2016,5
"Short-term interest rates, Per cent per annum",AUS,Australia,1.99,2016,6
"Short-term interest rates, Per cent per annum",AUS,Australia,1.93,2016,7
"Short-term interest rates, Per cent per annum",AUS,Australia,1.76,2016,8
"Short-term interest rates, Per cent per annum",AUS,Australia,1.73,2016,9
"Short-term interest rates, Per cent per annum",AUS,Australia,1.74,2016,10
"Short-term interest rates, Per cent per annum",AUS,Australia,1.76,2016,11
"Short-term interest rates, Per cent per annum",AUS,Australia,1.78,2016,12
"Short-term interest rates, Per cent per annum",AUS,Australia,1.78,2017,1
"Short-term interest rates, Per cent per annum",AUS,Australia,1.78,2017,2
"Short-term interest rates, Per cent per annum",AUS,Australia,1.79,2017,3
"Short-term interest rates, Per cent per annum",AUS,Australia,1.77,2017,4
"Short-term interest rates, Per cent per annum",AUS,Australia,1.73,2017,5
"Short-term interest rates, Per cent per annum",AUS,Australia,1.72,2017,6
"Short-term interest rates, Per cent per annum",AUS,Australia,1.7,2017,7
"Short-term interest rates, Per cent per annum",AUS,Australia,1.7,2017,8
"Short-term interest rates, Per cent per annum",AUS,Australia,1.72,2017,9
"Short-term interest rates, Per cent per annum",AUS,Australia,1.7,2017,10
"Short-term interest rates, Per cent per annum",AUS,Australia,1.72,2017,11
"Short-term interest rates, Per cent per annum",AUS,Australia,1.77,2017,12
"Short-term interest rates, Per cent per annum",AUS,Australia,1.79,2018,1
"Short-term interest rates, Per cent per annum",AUS,Australia,1.77,2018,2
"Short-term interest rates, Per cent per annum",AUS,Australia,1.93,2018,3
"Short-term interest rates, Per cent per annum",AUS,Australia,2.06,2018,4
"Short-term interest rates, Per cent per annum",AUS,Australia,1.96,2018,5
"Short-term interest rates, Per cent per annum",AUS,Australia,2.07,2018,6
"Short-term interest rates, Per cent per annum",AUS,Australia,2.02,2018,7
"Short-term interest rates, Per cent per annum",AUS,Australia,1.96,2018,8
"Short-term interest rates, Per cent per annum",AUS,Australia,1.93,2018,9
"Short-term interest rates, Per cent per annum",AUS,Australia,1.93,2018,10
"Short-term interest rates, Per cent per annum",AUS,Australia,1.94,2018,11
"Short-term interest rates, Per cent per annum",AUS,Australia,2.02,2018,12
"Short-term interest rates, Per cent per annum",AUS,Australia,2.07,2019,1
"Short-term interest rates, Per cent per annum",AUS,Australia,1.96,2019,2
"Short-term interest rates, Per cent per annum",AUS,Australia,1.83,2019,3
"Short-term interest rates, Per cent per annum",AUS,Australia,1.68,2019,4
"Short-term interest rates, Per cent per annum",AUS,Australia,1.54,2019,5
"Short-term interest rates, Per cent per annum",AUS,Australia,1.29,2019,6
"Short-term interest rates, Per cent per annum",AUS,Australia,1.11,2019,7
"Short-term interest rates, Per cent per annum",AUS,Australia,0.98,2019,8
"Short-term interest rates, Per cent per annum",AUS,Australia,0.98,2019,9
"Short-term interest rates, Per cent per annum",AUS,Australia,0.88,2019,10
"Short-term interest rates, Per cent per annum",AUS,Australia,0.91,2019,11
"Short-term interest rates, Per cent per annum",AUS,Australia,0.9,2019,12
"Short-term interest rates, Per cent per annum",AUS,Australia,0.89,2020,1
"Short-term interest rates, Per cent per annum",AUS,Australia,0.89,2020,2
"Short-term interest rates, Per cent per annum",AUS,Australia,0.53,2020,3
"Short-term interest rates, Per cent per annum",AUS,Australia,0.17,2020,4
"Short-term interest rates, Per cent per annum",AUS,Australia,0.1,2020,5
"Short-term interest rates, Per cent per annum",AUS,Australia,0.1,2020,6
"Short-term interest rates, Per cent per annum",AUS,Australia,0.1,2020,7
"Short-term interest rates, Per cent per annum",AUS,Australia,0.1,2020,8
"Short-term interest rates, Per cent per annum",AUS,Australia,0.09,2020,9
"Short-term interest rates, Per cent per annum",AUS,Australia,0.07,2020,10
"Short-term interest rates, Per cent per annum",AUS,Australia,0.02,2020,11
"Short-term interest rates, Per cent per annum",AUS,Australia,0.02,2020,12
"Short-term interest rates, Per cent per annum",AUS,Australia,0.01,2021,1
"Short-term interest rates, Per cent per annum",AUS,Australia,0.01,2021,2
"Short-term interest rates, Per cent per annum",AUS,Australia,0.03,2021,3
"Short-term interest rates, Per cent per annum",AUS,Australia,0.04,2021,4
"Short-term interest rates, Per cent per annum",AUS,Australia,0.04,2021,5
"Short-term interest rates, Per cent per annum",AUS,Australia,0.03,2021,6
"Short-term interest rates, Per cent per annum",AUS,Australia,0.02,2021,7
"Short-term interest rates, Per cent per annum",AUS,Australia,0.01,2021,8
"Short-term interest rates, Per cent per annum",AUS,Australia,0.01,2021,9
"Short-term interest rates, Per cent per annum",AUS,Australia,0.04,2021,10
"Short-term interest rates, Per cent per annum",AUS,Australia,0.04,2021,11
"Short-term interest rates, Per cent per annum",AUS,Australia,0.06,2021,12
"Short-term interest rates, Per cent per annum",AUS,Australia,0.07,2022,1
"Short-term interest rates, Per cent per annum",AUS,Australia,0.07,2022,2
"Short-term interest rates, Per cent per annum",AUS,Australia,0.17,2022,3
"Short-term interest rates, Per cent per annum",AUS,Australia,0.41,2022,4
"Short-term interest rates, Per cent per annum",AUS,Australia,1.0,2022,5
"Short-term interest rates, Per cent per annum",AUS,Australia,1.6,2022,6
"Short-term interest rates, Per cent per annum",AUS,Australia,2.07,2022,7
"Short-term interest rates, Per cent per annum",AUS,Australia,2.31,2022,8
"Short-term interest rates, Per cent per annum",AUS,Australia,2.76,2022,9
"Short-term interest rates, Per cent per annum",NZL,New Zealand,5.68,2000,1
"Short-term interest rates, Per cent per annum",NZL,New Zealand,5.93,2000,2
"Short-term interest rates, Per cent per annum",NZL,New Zealand,6.26,2000,3
"Short-term interest rates, Per cent per annum",NZL,New Zealand,6.49,2000,4
"Short-term interest rates, Per cent per annum",NZL,New Zealand,6.77,2000,5
"Short-term interest rates, Per cent per annum",NZL,New Zealand,6.88,2000,6
"Short-term interest rates, Per cent per annum",NZL,New Zealand,6.83,2000,7
"Short-term interest rates, Per cent per annum",NZL,New Zealand,6.74,2000,8
"Short-term interest rates, Per cent per annum",NZL,New Zealand,6.66,2000,9
"Short-term interest rates, Per cent per annum",NZL,New Zealand,6.65,2000,10
"Short-term interest rates, Per cent per annum",NZL,New Zealand,6.64,2000,11
"Short-term interest rates, Per cent per annum",NZL,New Zealand,6.71,2000,12
"Short-term interest rates, Per cent per annum",NZL,New Zealand,6.53,2001,1
"Short-term interest rates, Per cent per annum",NZL,New Zealand,6.48,2001,2
"Short-term interest rates, Per cent per annum",NZL,New Zealand,6.25,2001,3
"Short-term interest rates, Per cent per annum",NZL,New Zealand,5.97,2001,4
"Short-term interest rates, Per cent per annum",NZL,New Zealand,5.79,2001,5
"Short-term interest rates, Per cent per annum",NZL,New Zealand,5.82,2001,6
"Short-term interest rates, Per cent per annum",NZL,New Zealand,5.79,2001,7
"Short-term interest rates, Per cent per annum",NZL,New Zealand,5.83,2001,8
"Short-term interest rates, Per cent per annum",NZL,New Zealand,5.57,2001,9
"Short-term interest rates, Per cent per annum",NZL,New Zealand,5.15,2001,10
"Short-term interest rates, Per cent per annum",NZL,New Zealand,4.87,2001,11
"Short-term interest rates, Per cent per annum",NZL,New Zealand,4.86,2001,12
"Short-term interest rates, Per cent per annum",NZL,New Zealand,4.86,2002,1
"Short-term interest rates, Per cent per annum",NZL,New Zealand,4.93,2002,2
"Short-term interest rates, Per cent per annum",NZL,New Zealand,5.31,2002,3
"Short-term interest rates, Per cent per annum",NZL,New Zealand,5.68,2002,4
"Short-term interest rates, Per cent per annum",NZL,New Zealand,5.83,2002,5
"Short-term interest rates, Per cent per annum",NZL,New Zealand,5.96,2002,6
"Short-term interest rates, Per cent per annum",NZL,New Zealand,6.0,2002,7
"Short-term interest rates, Per cent per annum",NZL,New Zealand,5.87,2002,8
"Short-term interest rates, Per cent per annum",NZL,New Zealand,5.86,2002,9
"Short-term interest rates, Per cent per annum",NZL,New Zealand,5.88,2002,10
"Short-term interest rates, Per cent per annum",NZL,New Zealand,5.9,2002,11
"Short-term interest rates, Per cent per annum",NZL,New Zealand,5.92,2002,12
"Short-term interest rates, Per cent per annum",NZL,New Zealand,5.86,2003,1
"Short-term interest rates, Per cent per annum",NZL,New Zealand,5.82,2003,2
"Short-term interest rates, Per cent per annum",NZL,New Zealand,5.81,2003,3
"Short-term interest rates, Per cent per annum",NZL,New Zealand,5.73,2003,4
"Short-term interest rates, Per cent per annum",NZL,New Zealand,5.38,2003,5
"Short-term interest rates, Per cent per annum",NZL,New Zealand,5.23,2003,6
"Short-term interest rates, Per cent per annum",NZL,New Zealand,5.11,2003,7
"Short-term interest rates, Per cent per annum",NZL,New Zealand,5.11,2003,8
"Short-term interest rates, Per cent per annum",NZL,New Zealand,5.15,2003,9
"Short-term interest rates, Per cent per annum",NZL,New Zealand,5.19,2003,10
"Short-term interest rates, Per cent per annum",NZL,New Zealand,5.37,2003,11
"Short-term interest rates, Per cent per annum",NZL,New Zealand,5.32,2003,12
"Short-term interest rates, Per cent per annum",NZL,New Zealand,5.35,2004,1
"Short-term interest rates, Per cent per annum",NZL,New Zealand,5.59,2004,2
"Short-term interest rates, Per cent per annum",NZL,New Zealand,5.54,2004,3
"Short-term interest rates, Per cent per annum",NZL,New Zealand,5.59,2004,4
"Short-term interest rates, Per cent per annum",NZL,New Zealand,5.9,2004,5
"Short-term interest rates, Per cent per annum",NZL,New Zealand,6.07,2004,6
"Short-term interest rates, Per cent per annum",NZL,New Zealand,6.25,2004,7
"Short-term interest rates, Per cent per annum",NZL,New Zealand,6.44,2004,8
"Short-term interest rates, Per cent per annum",NZL,New Zealand,6.64,2004,9
"Short-term interest rates, Per cent per annum",NZL,New Zealand,6.75,2004,10
"Short-term interest rates, Per cent per annum",NZL,New Zealand,6.72,2004,11
"Short-term interest rates, Per cent per annum",NZL,New Zealand,6.71,2004,12
"Short-term interest rates, Per cent per annum",NZL,New Zealand,6.76,2005,1
"Short-term interest rates, Per cent per annum",NZL,New Zealand,6.83,2005,2
"Short-term interest rates, Per cent per annum",NZL,New Zealand,6.99,2005,3
"Short-term interest rates, Per cent per annum",NZL,New Zealand,7.05,2005,4
"Short-term interest rates, Per cent per annum",NZL,New Zealand,7.05,2005,5
"Short-term interest rates, Per cent per annum",NZL,New Zealand,7.03,2005,6
"Short-term interest rates, Per cent per annum",NZL,New Zealand,7.03,2005,7
"Short-term interest rates, Per cent per annum",NZL,New Zealand,7.03,2005,8
"Short-term interest rates, Per cent per annum",NZL,New Zealand,7.09,2005,9
"Short-term interest rates, Per cent per annum",NZL,New Zealand,7.28,2005,10
"Short-term interest rates, Per cent per annum",NZL,New Zealand,7.54,2005,11
"Short-term interest rates, Per cent per annum",NZL,New Zealand,7.66,2005,12
"Short-term interest rates, Per cent per annum",NZL,New Zealand,7.64,2006,1
"Short-term interest rates, Per cent per annum",NZL,New Zealand,7.53,2006,2
"Short-term interest rates, Per cent per annum",NZL,New Zealand,7.49,2006,3
"Short-term interest rates, Per cent per annum",NZL,New Zealand,7.47,2006,4
"Short-term interest rates, Per cent per annum",NZL,New Zealand,7.49,2006,5
"Short-term interest rates, Per cent per annum",NZL,New Zealand,7.47,2006,6
"Short-term interest rates, Per cent per annum",NZL,New Zealand,7.48,2006,7
"Short-term interest rates, Per cent per annum",NZL,New Zealand,7.49,2006,8
"Short-term interest rates, Per cent per annum",NZL,New Zealand,7.56,2006,9
"Short-term interest rates, Per cent per annum",NZL,New Zealand,7.66,2006,10
"Short-term interest rates, Per cent per annum",NZL,New Zealand,7.61,2006,11
"Short-term interest rates, Per cent per annum",NZL,New Zealand,7.66,2006,12
"Short-term interest rates, Per cent per annum",NZL,New Zealand,7.7,2007,1
"Short-term interest rates, Per cent per annum",NZL,New Zealand,7.75,2007,2
"Short-term interest rates, Per cent per annum",NZL,New Zealand,7.88,2007,3
"Short-term interest rates, Per cent per annum",NZL,New Zealand,7.98,2007,4
"Short-term interest rates, Per cent per annum",NZL,New Zealand,8.09,2007,5
"Short-term interest rates, Per cent per annum",NZL,New Zealand,8.32,2007,6
"Short-term interest rates, Per cent per annum",NZL,New Zealand,8.44,2007,7
"Short-term interest rates, Per cent per annum",NZL,New Zealand,8.72,2007,8
"Short-term interest rates, Per cent per annum",NZL,New Zealand,8.81,2007,9
"Short-term interest rates, Per cent per annum",NZL,New Zealand,8.68,2007,10
"Short-term interest rates, Per cent per annum",NZL,New Zealand,8.73,2007,11
"Short-term interest rates, Per cent per annum",NZL,New Zealand,8.9,2007,12
"Short-term interest rates, Per cent per annum",NZL,New Zealand,8.75,2008,1
"Short-term interest rates, Per cent per annum",NZL,New Zealand,8.82,2008,2
"Short-term interest rates, Per cent per annum",NZL,New Zealand,8.91,2008,3
"Short-term interest rates, Per cent per annum",NZL,New Zealand,8.87,2008,4
"Short-term interest rates, Per cent per annum",NZL,New Zealand,8.71,2008,5
"Short-term interest rates, Per cent per annum",NZL,New Zealand,8.68,2008,6
"Short-term interest rates, Per cent per annum",NZL,New Zealand,8.46,2008,7
"Short-term interest rates, Per cent per annum",NZL,New Zealand,8.2,2008,8
"Short-term interest rates, Per cent per annum",NZL,New Zealand,7.95,2008,9
"Short-term interest rates, Per cent per annum",NZL,New Zealand,7.43,2008,10
"Short-term interest rates, Per cent per annum",NZL,New Zealand,6.25,2008,11
"Short-term interest rates, Per cent per annum",NZL,New Zealand,5.23,2008,12
"Short-term interest rates, Per cent per annum",NZL,New Zealand,4.38,2009,1
"Short-term interest rates, Per cent per annum",NZL,New Zealand,3.4,2009,2
"Short-term interest rates, Per cent per annum",NZL,New Zealand,3.24,2009,3
"Short-term interest rates, Per cent per annum",NZL,New Zealand,3.12,2009,4
"Short-term interest rates, Per cent per annum",NZL,New Zealand,2.82,2009,5
"Short-term interest rates, Per cent per annum",NZL,New Zealand,2.78,2009,6
"Short-term interest rates, Per cent per annum",NZL,New Zealand,2.79,2009,7
"Short-term interest rates, Per cent per annum",NZL,New Zealand,2.76,2009,8
"Short-term interest rates, Per cent per annum",NZL,New Zealand,2.77,2009,9
"Short-term interest rates, Per cent per annum",NZL,New Zealand,2.79,2009,10
"Short-term interest rates, Per cent per annum",NZL,New Zealand,2.8,2009,11
"Short-term interest rates, Per cent per annum",NZL,New Zealand,2.78,2009,12
"Short-term interest rates, Per cent per annum",NZL,New Zealand,2.78,2010,1
"Short-term interest rates, Per cent per annum",NZL,New Zealand,2.73,2010,2
"Short-term interest rates, Per cent per annum",NZL,New Zealand,2.67,2010,3
"Short-term interest rates, Per cent per annum",NZL,New Zealand,2.69,2010,4
"Short-term interest rates, Per cent per annum",NZL,New Zealand,2.89,2010,5
"Short-term interest rates, Per cent per annum",NZL,New Zealand,3.07,2010,6
"Short-term interest rates, Per cent per annum",NZL,New Zealand,3.23,2010,7
"Short-term interest rates, Per cent per annum",NZL,New Zealand,3.25,2010,8
"Short-term interest rates, Per cent per annum",NZL,New Zealand,3.18,2010,9
"Short-term interest rates, Per cent per annum",NZL,New Zealand,3.18,2010,10
"Short-term interest rates, Per cent per annum",NZL,New Zealand,3.17,2010,11
"Short-term interest rates, Per cent per annum",NZL,New Zealand,3.17,2010,12
"Short-term interest rates, Per cent per annum",NZL,New Zealand,3.19,2011,1
"Short-term interest rates, Per cent per annum",NZL,New Zealand,3.13,2011,2
"Short-term interest rates, Per cent per annum",NZL,New Zealand,2.69,2011,3
"Short-term interest rates, Per cent per annum",NZL,New Zealand,2.65,2011,4
"Short-term interest rates, Per cent per annum",NZL,New Zealand,2.66,2011,5
"Short-term interest rates, Per cent per annum",NZL,New Zealand,2.65,2011,6
"Short-term interest rates, Per cent per annum",NZL,New Zealand,2.71,2011,7
"Short-term interest rates, Per cent per annum",NZL,New Zealand,2.9,2011,8
"Short-term interest rates, Per cent per annum",NZL,New Zealand,2.88,2011,9
"Short-term interest rates, Per cent per annum",NZL,New Zealand,2.76,2011,10
"Short-term interest rates, Per cent per annum",NZL,New Zealand,2.69,2011,11
"Short-term interest rates, Per cent per annum",NZL,New Zealand,2.69,2011,12
"Short-term interest rates, Per cent per annum",NZL,New Zealand,2.74,2012,1
"Short-term interest rates, Per cent per annum",NZL,New Zealand,2.75,2012,2
"Short-term interest rates, Per cent per annum",NZL,New Zealand,2.74,2012,3
"Short-term interest rates, Per cent per annum",NZL,New Zealand,2.74,2012,4
"Short-term interest rates, Per cent per annum",NZL,New Zealand,2.59,2012,5
"Short-term interest rates, Per cent per annum",NZL,New Zealand,2.61,2012,6
"Short-term interest rates, Per cent per annum",NZL,New Zealand,2.67,2012,7
"Short-term interest rates, Per cent per annum",NZL,New Zealand,2.64,2012,8
"Short-term interest rates, Per cent per annum",NZL,New Zealand,2.64,2012,9
"Short-term interest rates, Per cent per annum",NZL,New Zealand,2.65,2012,10
"Short-term interest rates, Per cent per annum",NZL,New Zealand,2.64,2012,11
"Short-term interest rates, Per cent per annum",NZL,New Zealand,2.65,2012,12
"Short-term interest rates, Per cent per annum",NZL,New Zealand,2.66,2013,1
"Short-term interest rates, Per cent per annum",NZL,New Zealand,2.66,2013,2
"Short-term interest rates, Per cent per annum",NZL,New Zealand,2.64,2013,3
"Short-term interest rates, Per cent per annum",NZL,New Zealand,2.65,2013,4
"Short-term interest rates, Per cent per annum",NZL,New Zealand,2.64,2013,5
"Short-term interest rates, Per cent per annum",NZL,New Zealand,2.64,2013,6
"Short-term interest rates, Per cent per annum",NZL,New Zealand,2.64,2013,7
"Short-term interest rates, Per cent per annum",NZL,New Zealand,2.64,2013,8
"Short-term interest rates, Per cent per annum",NZL,New Zealand,2.65,2013,9
"Short-term interest rates, Per cent per annum",NZL,New Zealand,2.67,2013,10
"Short-term interest rates, Per cent per annum",NZL,New Zealand,2.66,2013,11
"Short-term interest rates, Per cent per annum",NZL,New Zealand,2.73,2013,12
"Short-term interest rates, Per cent per annum",NZL,New Zealand,2.88,2014,1
"Short-term interest rates, Per cent per annum",NZL,New Zealand,2.93,2014,2
"Short-term interest rates, Per cent per annum",NZL,New Zealand,3.05,2014,3
"Short-term interest rates, Per cent per annum",NZL,New Zealand,3.24,2014,4
"Short-term interest rates, Per cent per annum",NZL,New Zealand,3.38,2014,5
"Short-term interest rates, Per cent per annum",NZL,New Zealand,3.52,2014,6
"Short-term interest rates, Per cent per annum",NZL,New Zealand,3.67,2014,7
"Short-term interest rates, Per cent per annum",NZL,New Zealand,3.69,2014,8
"Short-term interest rates, Per cent per annum",NZL,New Zealand,3.71,2014,9
"Short-term interest rates, Per cent per annum",NZL,New Zealand,3.68,2014,10
"Short-term interest rates, Per cent per annum",NZL,New Zealand,3.67,2014,11
"Short-term interest rates, Per cent per annum",NZL,New Zealand,3.67,2014,12
"Short-term interest rates, Per cent per annum",NZL,New Zealand,3.67,2015,1
"Short-term interest rates, Per cent per annum",NZL,New Zealand,3.63,2015,2
"Short-term interest rates, Per cent per annum",NZL,New Zealand,3.63,2015,3
"Short-term interest rates, Per cent per annum",NZL,New Zealand,3.63,2015,4
"Short-term interest rates, Per cent per annum",NZL,New Zealand,3.53,2015,5
"Short-term interest rates, Per cent per annum",NZL,New Zealand,3.33,2015,6
"Short-term interest rates, Per cent per annum",NZL,New Zealand,3.13,2015,7
"Short-term interest rates, Per cent per annum",NZL,New Zealand,2.95,2015,8
"Short-term interest rates, Per cent per annum",NZL,New Zealand,2.85,2015,9
"Short-term interest rates, Per cent per annum",NZL,New Zealand,2.86,2015,10
"Short-term interest rates, Per cent per annum",NZL,New Zealand,2.89,2015,11
"Short-term interest rates, Per cent per annum",NZL,New Zealand,2.79,2015,12
"Short-term interest rates, Per cent per annum",NZL,New Zealand,2.73,2016,1
"Short-term interest rates, Per cent per annum",NZL,New Zealand,2.62,2016,2
"Short-term interest rates, Per cent per annum",NZL,New Zealand,2.43,2016,3
"Short-term interest rates, Per cent per annum",NZL,New Zealand,2.34,2016,4
"Short-term interest rates, Per cent per annum",NZL,New Zealand,2.38,2016,5
"Short-term interest rates, Per cent per annum",NZL,New Zealand,2.37,2016,6
"Short-term interest rates, Per cent per annum",NZL,New Zealand,2.37,2016,7
"Short-term interest rates, Per cent per annum",NZL,New Zealand,2.24,2016,8
"Short-term interest rates, Per cent per annum",NZL,New Zealand,2.23,2016,9
"Short-term interest rates, Per cent per annum",NZL,New Zealand,2.15,2016,10
"Short-term interest rates, Per cent per annum",NZL,New Zealand,2.07,2016,11
"Short-term interest rates, Per cent per annum",NZL,New Zealand,2.03,2016,12
"Short-term interest rates, Per cent per annum",NZL,New Zealand,1.98,2017,1
"Short-term interest rates, Per cent per annum",NZL,New Zealand,2.02,2017,2
"Short-term interest rates, Per cent per annum",NZL,New Zealand,1.98,2017,3
"Short-term interest rates, Per cent per annum",NZL,New Zealand,1.97,2017,4
"Short-term interest rates, Per cent per annum",NZL,New Zealand,1.98,2017,5
"Short-term interest rates, Per cent per annum",NZL,New Zealand,1.95,2017,6
"Short-term interest rates, Per cent per annum",NZL,New Zealand,1.96,2017,7
"Short-term interest rates, Per cent per annum",NZL,New Zealand,1.95,2017,8
"Short-term interest rates, Per cent per annum",NZL,New Zealand,1.95,2017,9
"Short-term interest rates, Per cent per annum",NZL,New Zealand,1.94,2017,10
"Short-term interest rates, Per cent per annum",NZL,New Zealand,1.93,2017,11
"Short-term interest rates, Per cent per annum",NZL,New Zealand,1.88,2017,12
"Short-term interest rates, Per cent per annum",NZL,New Zealand,1.88,2018,1
"Short-term interest rates, Per cent per annum",NZL,New Zealand,1.91,2018,2
"Short-term interest rates, Per cent per annum",NZL,New Zealand,1.93,2018,3
"Short-term interest rates, Per cent per annum",NZL,New Zealand,2.01,2018,4
"Short-term interest rates, Per cent per annum",NZL,New Zealand,2.02,2018,5
"Short-term interest rates, Per cent per annum",NZL,New Zealand,2.01,2018,6
"Short-term interest rates, Per cent per annum",NZL,New Zealand,1.94,2018,7
"Short-term interest rates, Per cent per annum",NZL,New Zealand,1.91,2018,8
"Short-term interest rates, Per cent per annum",NZL,New Zealand,1.9,2018,9
"Short-term interest rates, Per cent per annum",NZL,New Zealand,1.89,2018,10
"Short-term interest rates, Per cent per annum",NZL,New Zealand,1.98,2018,11
"Short-term interest rates, Per cent per annum",NZL,New Zealand,1.98,2018,12
"Short-term interest rates, Per cent per annum",NZL,New Zealand,1.91,2019,1
"Short-term interest rates, Per cent per annum",NZL,New Zealand,1.9,2019,2
"Short-term interest rates, Per cent per annum",NZL,New Zealand,1.88,2019,3
"Short-term interest rates, Per cent per annum",NZL,New Zealand,1.81,2019,4
"Short-term interest rates, Per cent per annum",NZL,New Zealand,1.72,2019,5
"Short-term interest rates, Per cent per annum",NZL,New Zealand,1.6,2019,6
"Short-term interest rates, Per cent per annum",NZL,New Zealand,1.55,2019,7
"Short-term interest rates, Per cent per annum",NZL,New Zealand,1.25,2019,8
"Short-term interest rates, Per cent per annum",NZL,New Zealand,1.15,2019,9
"Short-term interest rates, Per cent per annum",NZL,New Zealand,1.05,2019,10
"Short-term interest rates, Per cent per annum",NZL,New Zealand,1.18,2019,11
"Short-term interest rates, Per cent per annum",NZL,New Zealand,1.23,2019,12
"Short-term interest rates, Per cent per annum",NZL,New Zealand,1.27,2020,1
"Short-term interest rates, Per cent per annum",NZL,New Zealand,1.18,2020,2
"Short-term interest rates, Per cent per annum",NZL,New Zealand,0.71,2020,3
"Short-term interest rates, Per cent per annum",NZL,New Zealand,0.39,2020,4
"Short-term interest rates, Per cent per annum",NZL,New Zealand,0.26,2020,5
"Short-term interest rates, Per cent per annum",NZL,New Zealand,0.28,2020,6
"Short-term interest rates, Per cent per annum",NZL,New Zealand,0.3,2020,7
"Short-term interest rates, Per cent per annum",NZL,New Zealand,0.29,2020,8
"Short-term interest rates, Per cent per annum",NZL,New Zealand,0.3,2020,9
"Short-term interest rates, Per cent per annum",NZL,New Zealand,0.27,2020,10
"Short-term interest rates, Per cent per annum",NZL,New Zealand,0.27,2020,11
"Short-term interest rates, Per cent per annum",NZL,New Zealand,0.26,2020,12
"Short-term interest rates, Per cent per annum",NZL,New Zealand,0.28,2021,1
"Short-term interest rates, Per cent per annum",NZL,New Zealand,0.28,2021,2
"Short-term interest rates, Per cent per annum",NZL,New Zealand,0.33,2021,3
"Short-term interest rates, Per cent per annum",NZL,New Zealand,0.34,2021,4
"Short-term interest rates, Per cent per annum",NZL,New Zealand,0.35,2021,5
"Short-term interest rates, Per cent per annum",NZL,New Zealand,0.33,2021,6
"Short-term interest rates, Per cent per annum",NZL,New Zealand,0.4,2021,7
"Short-term interest rates, Per cent per annum",NZL,New Zealand,0.54,2021,8
"Short-term interest rates, Per cent per annum",NZL,New Zealand,0.57,2021,9
"Short-term interest rates, Per cent per annum",NZL,New Zealand,0.7,2021,10
"Short-term interest rates, Per cent per annum",NZL,New Zealand,0.83,2021,11
"Short-term interest rates, Per cent per annum",NZL,New Zealand,0.91,2021,12
"Short-term interest rates, Per cent per annum",NZL,New Zealand,1.03,2022,1
"Short-term interest rates, Per cent per annum",NZL,New Zealand,1.21,2022,2
"Short-term interest rates, Per cent per annum",NZL,New Zealand,1.49,2022,3
"Short-term interest rates, Per cent per annum",NZL,New Zealand,1.81,2022,4
"Short-term interest rates, Per cent per annum",NZL,New Zealand,2.22,2022,5
"Short-term interest rates, Per cent per annum",NZL,New Zealand,2.68,2022,6
"Short-term interest rates, Per cent per annum",NZL,New Zealand,3.03,2022,7
"Short-term interest rates, Per cent per annum",NZL,New Zealand,3.31,2022,8
"Short-term interest rates, Per cent per annum",NZL,New Zealand,3.64,2022,9
"Short-term interest rates, Per cent per annum",GBR,United Kingdom,6.13632,2000,1
"Short-term interest rates, Per cent per annum",GBR,United Kingdom,6.23781,2000,2
"Short-term interest rates, Per cent per annum",GBR,United Kingdom,6.22838,2000,3
"Short-term interest rates, Per cent per annum",GBR,United Kingdom,6.29647,2000,4
"Short-term interest rates, Per cent per annum",GBR,United Kingdom,6.30356,2000,5
"Short-term interest rates, Per cent per annum",GBR,United Kingdom,6.22682,2000,6
"Short-term interest rates, Per cent per annum",GBR,United Kingdom,6.19247,2000,7
"Short-term interest rates, Per cent per annum",GBR,United Kingdom,6.21754,2000,8
"Short-term interest rates, Per cent per annum",GBR,United Kingdom,6.20569,2000,9
"Short-term interest rates, Per cent per annum",GBR,United Kingdom,6.16274,2000,10
"Short-term interest rates, Per cent per annum",GBR,United Kingdom,6.08629,2000,11
"Short-term interest rates, Per cent per annum",GBR,United Kingdom,5.95539,2000,12
"Short-term interest rates, Per cent per annum",GBR,United Kingdom,5.84578,2001,1
"Short-term interest rates, Per cent per annum",GBR,United Kingdom,5.75655,2001,2
"Short-term interest rates, Per cent per annum",GBR,United Kingdom,5.55126,2001,3
"Short-term interest rates, Per cent per annum",GBR,United Kingdom,5.40449,2001,4
"Short-term interest rates, Per cent per annum",GBR,United Kingdom,5.24858,2001,5
"Short-term interest rates, Per cent per annum",GBR,United Kingdom,5.25854,2001,6
"Short-term interest rates, Per cent per annum",GBR,United Kingdom,5.25436,2001,7
"Short-term interest rates, Per cent per annum",GBR,United Kingdom,4.99658,2001,8
"Short-term interest rates, Per cent per annum",GBR,United Kingdom,4.72946,2001,9
"Short-term interest rates, Per cent per annum",GBR,United Kingdom,4.42821,2001,10
"Short-term interest rates, Per cent per annum",GBR,United Kingdom,3.99675,2001,11
"Short-term interest rates, Per cent per annum",GBR,United Kingdom,4.0506,2001,12
"Short-term interest rates, Per cent per annum",GBR,United Kingdom,4.04677,2002,1
"Short-term interest rates, Per cent per annum",GBR,United Kingdom,4.05268,2002,2
"Short-term interest rates, Per cent per annum",GBR,United Kingdom,4.13055,2002,3
"Short-term interest rates, Per cent per annum",GBR,United Kingdom,4.17319,2002,4
"Short-term interest rates, Per cent per annum",GBR,United Kingdom,4.1537,2002,5
"Short-term interest rates, Per cent per annum",GBR,United Kingdom,4.17758,2002,6
"Short-term interest rates, Per cent per annum",GBR,United Kingdom,4.06054,2002,7
"Short-term interest rates, Per cent per annum",GBR,United Kingdom,3.98654,2002,8
"Short-term interest rates, Per cent per annum",GBR,United Kingdom,3.98872,2002,9
"Short-term interest rates, Per cent per annum",GBR,United Kingdom,3.96401,2002,10
"Short-term interest rates, Per cent per annum",GBR,United Kingdom,3.97142,2002,11
"Short-term interest rates, Per cent per annum",GBR,United Kingdom,4.01777,2002,12
"Short-term interest rates, Per cent per annum",GBR,United Kingdom,3.98263,2003,1
"Short-term interest rates, Per cent per annum",GBR,United Kingdom,3.75425,2003,2
"Short-term interest rates, Per cent per annum",GBR,United Kingdom,3.65503,2003,3
"Short-term interest rates, Per cent per annum",GBR,United Kingdom,3.64598,2003,4
"Short-term interest rates, Per cent per annum",GBR,United Kingdom,3.63252,2003,5
"Short-term interest rates, Per cent per annum",GBR,United Kingdom,3.63966,2003,6
"Short-term interest rates, Per cent per annum",GBR,United Kingdom,3.49022,2003,7
"Short-term interest rates, Per cent per annum",GBR,United Kingdom,3.52249,2003,8
"Short-term interest rates, Per cent per annum",GBR,United Kingdom,3.6967,2003,9
"Short-term interest rates, Per cent per annum",GBR,United Kingdom,3.80338,2003,10
"Short-term interest rates, Per cent per annum",GBR,United Kingdom,3.98043,2003,11
"Short-term interest rates, Per cent per annum",GBR,United Kingdom,4.01864,2003,12
"Short-term interest rates, Per cent per annum",GBR,United Kingdom,4.05531,2004,1
"Short-term interest rates, Per cent per annum",GBR,United Kingdom,4.16654,2004,2
"Short-term interest rates, Per cent per annum",GBR,United Kingdom,4.29673,2004,3
"Short-term interest rates, Per cent per annum",GBR,United Kingdom,4.39472,2004,4
"Short-term interest rates, Per cent per annum",GBR,United Kingdom,4.52872,2004,5
"Short-term interest rates, Per cent per annum",GBR,United Kingdom,4.78974,2004,6
"Short-term interest rates, Per cent per annum",GBR,United Kingdom,4.85702,2004,7
"Short-term interest rates, Per cent per annum",GBR,United Kingdom,4.96284,2004,8
"Short-term interest rates, Per cent per annum",GBR,United Kingdom,4.9469,2004,9
"Short-term interest rates, Per cent per annum",GBR,United Kingdom,4.90071,2004,10
"Short-term interest rates, Per cent per annum",GBR,United Kingdom,4.88359,2004,11
"Short-term interest rates, Per cent per annum",GBR,United Kingdom,4.87103,2004,12
"Short-term interest rates, Per cent per annum",GBR,United Kingdom,4.87316,2005,1
"Short-term interest rates, Per cent per annum",GBR,United Kingdom,4.89069,2005,2
"Short-term interest rates, Per cent per annum",GBR,United Kingdom,4.98736,2005,3
"Short-term interest rates, Per cent per annum",GBR,United Kingdom,4.94336,2005,4
"Short-term interest rates, Per cent per annum",GBR,United Kingdom,4.89375,2005,5
"Short-term interest rates, Per cent per annum",GBR,United Kingdom,4.84144,2005,6
"Short-term interest rates, Per cent per annum",GBR,United Kingdom,4.65794,2005,7
"Short-term interest rates, Per cent per annum",GBR,United Kingdom,4.59465,2005,8
"Short-term interest rates, Per cent per annum",GBR,United Kingdom,4.59686,2005,9
"Short-term interest rates, Per cent per annum",GBR,United Kingdom,4.58701,2005,10
"Short-term interest rates, Per cent per annum",GBR,United Kingdom,4.61847,2005,11
"Short-term interest rates, Per cent per annum",GBR,United Kingdom,4.63732,2005,12
"Short-term interest rates, Per cent per annum",GBR,United Kingdom,4.60368,2006,1
"Short-term interest rates, Per cent per annum",GBR,United Kingdom,4.58199,2006,2
"Short-term interest rates, Per cent per annum",GBR,United Kingdom,4.58741,2006,3
"Short-term interest rates, Per cent per annum",GBR,United Kingdom,4.6296,2006,4
"Short-term interest rates, Per cent per annum",GBR,United Kingdom,4.7015,2006,5
"Short-term interest rates, Per cent per annum",GBR,United Kingdom,4.73498,2006,6
"Short-term interest rates, Per cent per annum",GBR,United Kingdom,4.73322,2006,7
"Short-term interest rates, Per cent per annum",GBR,United Kingdom,4.94425,2006,8
"Short-term interest rates, Per cent per annum",GBR,United Kingdom,5.02501,2006,9
"Short-term interest rates, Per cent per annum",GBR,United Kingdom,5.13176,2006,10
"Short-term interest rates, Per cent per annum",GBR,United Kingdom,5.22544,2006,11
"Short-term interest rates, Per cent per annum",GBR,United Kingdom,5.29167,2006,12
"Short-term interest rates, Per cent per annum",GBR,United Kingdom,5.48623,2007,1
"Short-term interest rates, Per cent per annum",GBR,United Kingdom,5.5657,2007,2
"Short-term interest rates, Per cent per annum",GBR,United Kingdom,5.54946,2007,3
"Short-term interest rates, Per cent per annum",GBR,United Kingdom,5.64899,2007,4
"Short-term interest rates, Per cent per annum",GBR,United Kingdom,5.76742,2007,5
"Short-term interest rates, Per cent per annum",GBR,United Kingdom,5.88018,2007,6
"Short-term interest rates, Per cent per annum",GBR,United Kingdom,6.02396,2007,7
"Short-term interest rates, Per cent per annum",GBR,United Kingdom,6.41946,2007,8
"Short-term interest rates, Per cent per annum",GBR,United Kingdom,6.64694,2007,9
"Short-term interest rates, Per cent per annum",GBR,United Kingdom,6.27014,2007,10
"Short-term interest rates, Per cent per annum",GBR,United Kingdom,6.40858,2007,11
"Short-term interest rates, Per cent per annum",GBR,United Kingdom,6.35943,2007,12
"Short-term interest rates, Per cent per annum",GBR,United Kingdom,5.65965,2008,1
"Short-term interest rates, Per cent per annum",GBR,United Kingdom,5.64202,2008,2
"Short-term interest rates, Per cent per annum",GBR,United Kingdom,5.89929,2008,3
"Short-term interest rates, Per cent per annum",GBR,United Kingdom,5.91881,2008,4
"Short-term interest rates, Per cent per annum",GBR,United Kingdom,5.82639,2008,5
"Short-term interest rates, Per cent per annum",GBR,United Kingdom,5.92944,2008,6
"Short-term interest rates, Per cent per annum",GBR,United Kingdom,5.8322,2008,7
"Short-term interest rates, Per cent per annum",GBR,United Kingdom,5.76619,2008,8
"Short-term interest rates, Per cent per annum",GBR,United Kingdom,5.9106,2008,9
"Short-term interest rates, Per cent per annum",GBR,United Kingdom,6.13304,2008,10
"Short-term interest rates, Per cent per annum",GBR,United Kingdom,4.44684,2008,11
"Short-term interest rates, Per cent per annum",GBR,United Kingdom,3.17247,2008,12
"Short-term interest rates, Per cent per annum",GBR,United Kingdom,2.34276,2009,1
"Short-term interest rates, Per cent per annum",GBR,United Kingdom,2.09038,2009,2
"Short-term interest rates, Per cent per annum",GBR,United Kingdom,1.83139,2009,3
"Short-term interest rates, Per cent per annum",GBR,United Kingdom,1.53413,2009,4
"Short-term interest rates, Per cent per annum",GBR,United Kingdom,1.35795,2009,5
"Short-term interest rates, Per cent per annum",GBR,United Kingdom,1.24117,2009,6
"Short-term interest rates, Per cent per annum",GBR,United Kingdom,1.00113,2009,7
"Short-term interest rates, Per cent per annum",GBR,United Kingdom,0.77369,2009,8
"Short-term interest rates, Per cent per annum",GBR,United Kingdom,0.6056,2009,9
"Short-term interest rates, Per cent per annum",GBR,United Kingdom,0.57087,2009,10
"Short-term interest rates, Per cent per annum",GBR,United Kingdom,0.60936,2009,11
"Short-term interest rates, Per cent per annum",GBR,United Kingdom,0.60541,2009,12
"Short-term interest rates, Per cent per annum",GBR,United Kingdom,0.61265,2010,1
"Short-term interest rates, Per cent per annum",GBR,United Kingdom,0.6331,2010,2
"Short-term interest rates, Per cent per annum",GBR,United Kingdom,0.64549,2010,3
"Short-term interest rates, Per cent per annum",GBR,United Kingdom,0.65592,2010,4
"Short-term interest rates, Per cent per annum",GBR,United Kingdom,0.69713,2010,5
"Short-term interest rates, Per cent per annum",GBR,United Kingdom,0.72839,2010,6
"Short-term interest rates, Per cent per annum",GBR,United Kingdom,0.73603,2010,7
"Short-term interest rates, Per cent per annum",GBR,United Kingdom,0.73296,2010,8
"Short-term interest rates, Per cent per annum",GBR,United Kingdom,0.72859,2010,9
"Short-term interest rates, Per cent per annum",GBR,United Kingdom,0.7384,2010,10
"Short-term interest rates, Per cent per annum",GBR,United Kingdom,0.73901,2010,11
"Short-term interest rates, Per cent per annum",GBR,United Kingdom,0.74962,2010,12
"Short-term interest rates, Per cent per annum",GBR,United Kingdom,0.76866,2011,1
"Short-term interest rates, Per cent per annum",GBR,United Kingdom,0.79962,2011,2
"Short-term interest rates, Per cent per annum",GBR,United Kingdom,0.80913,2011,3
"Short-term interest rates, Per cent per annum",GBR,United Kingdom,0.82096,2011,4
"Short-term interest rates, Per cent per annum",GBR,United Kingdom,0.82344,2011,5
"Short-term interest rates, Per cent per annum",GBR,United Kingdom,0.82512,2011,6
"Short-term interest rates, Per cent per annum",GBR,United Kingdom,0.8289,2011,7
"Short-term interest rates, Per cent per annum",GBR,United Kingdom,0.85782,2011,8
"Short-term interest rates, Per cent per annum",GBR,United Kingdom,0.9181,2011,9
"Short-term interest rates, Per cent per annum",GBR,United Kingdom,0.96991,2011,10
"Short-term interest rates, Per cent per annum",GBR,United Kingdom,1.01182,2011,11
"Short-term interest rates, Per cent per annum",GBR,United Kingdom,1.06148,2011,12
"Short-term interest rates, Per cent per annum",GBR,United Kingdom,1.08709,2012,1
"Short-term interest rates, Per cent per annum",GBR,United Kingdom,1.07249,2012,2
"Short-term interest rates, Per cent per annum",GBR,United Kingdom,1.03757,2012,3
"Short-term interest rates, Per cent per annum",GBR,United Kingdom,1.01792,2012,4
"Short-term interest rates, Per cent per annum",GBR,United Kingdom,1.005,2012,5
"Short-term interest rates, Per cent per annum",GBR,United Kingdom,0.94978,2012,6
"Short-term interest rates, Per cent per annum",GBR,United Kingdom,0.81735,2012,7
"Short-term interest rates, Per cent per annum",GBR,United Kingdom,0.70481,2012,8
"Short-term interest rates, Per cent per annum",GBR,United Kingdom,0.64803,2012,9
"Short-term interest rates, Per cent per annum",GBR,United Kingdom,0.54397,2012,10
"Short-term interest rates, Per cent per annum",GBR,United Kingdom,0.52452,2012,11
"Short-term interest rates, Per cent per annum",GBR,United Kingdom,0.51848,2012,12
"Short-term interest rates, Per cent per annum",GBR,United Kingdom,0.51228,2013,1
"Short-term interest rates, Per cent per annum",GBR,United Kingdom,0.50988,2013,2
"Short-term interest rates, Per cent per annum",GBR,United Kingdom,0.50688,2013,3
"Short-term interest rates, Per cent per annum",GBR,United Kingdom,0.50557,2013,4
"Short-term interest rates, Per cent per annum",GBR,United Kingdom,0.50563,2013,5
"Short-term interest rates, Per cent per annum",GBR,United Kingdom,0.50794,2013,6
"Short-term interest rates, Per cent per annum",GBR,United Kingdom,0.50944,2013,7
"Short-term interest rates, Per cent per annum",GBR,United Kingdom,0.51262,2013,8
"Short-term interest rates, Per cent per annum",GBR,United Kingdom,0.51688,2013,9
"Short-term interest rates, Per cent per annum",GBR,United Kingdom,0.51663,2013,10
"Short-term interest rates, Per cent per annum",GBR,United Kingdom,0.52344,2013,11
"Short-term interest rates, Per cent per annum",GBR,United Kingdom,0.52474,2013,12
"Short-term interest rates, Per cent per annum",GBR,United Kingdom,0.52093,2014,1
"Short-term interest rates, Per cent per annum",GBR,United Kingdom,0.52153,2014,2
"Short-term interest rates, Per cent per annum",GBR,United Kingdom,0.52157,2014,3
"Short-term interest rates, Per cent per annum",GBR,United Kingdom,0.52665,2014,4
"Short-term interest rates, Per cent per annum",GBR,United Kingdom,0.52744,2014,5
"Short-term interest rates, Per cent per annum",GBR,United Kingdom,0.54394,2014,6
"Short-term interest rates, Per cent per annum",GBR,United Kingdom,0.55641,2014,7
"Short-term interest rates, Per cent per annum",GBR,United Kingdom,0.56119,2014,8
"Short-term interest rates, Per cent per annum",GBR,United Kingdom,0.56291,2014,9
"Short-term interest rates, Per cent per annum",GBR,United Kingdom,0.55836,2014,10
"Short-term interest rates, Per cent per annum",GBR,United Kingdom,0.55628,2014,11
"Short-term interest rates, Per cent per annum",GBR,United Kingdom,0.55818,2014,12
"Short-term interest rates, Per cent per annum",GBR,United Kingdom,0.5626,2015,1
"Short-term interest rates, Per cent per annum",GBR,United Kingdom,0.56363,2015,2
"Short-term interest rates, Per cent per annum",GBR,United Kingdom,0.56436,2015,3
"Short-term interest rates, Per cent per annum",GBR,United Kingdom,0.5695,2015,4
"Short-term interest rates, Per cent per annum",GBR,United Kingdom,0.56798,2015,5
"Short-term interest rates, Per cent per annum",GBR,United Kingdom,0.57188,2015,6
"Short-term interest rates, Per cent per annum",GBR,United Kingdom,0.58084,2015,7
"Short-term interest rates, Per cent per annum",GBR,United Kingdom,0.5867,2015,8
"Short-term interest rates, Per cent per annum",GBR,United Kingdom,0.58576,2015,9
"Short-term interest rates, Per cent per annum",GBR,United Kingdom,0.58006,2015,10
"Short-term interest rates, Per cent per annum",GBR,United Kingdom,0.57371,2015,11
"Short-term interest rates, Per cent per annum",GBR,United Kingdom,0.58277,2015,12
"Short-term interest rates, Per cent per annum",GBR,United Kingdom,0.58976,2016,1
"Short-term interest rates, Per cent per annum",GBR,United Kingdom,0.59073,2016,2
"Short-term interest rates, Per cent per annum",GBR,United Kingdom,0.58825,2016,3
"Short-term interest rates, Per cent per annum",GBR,United Kingdom,0.5889,2016,4
"Short-term interest rates, Per cent per annum",GBR,United Kingdom,0.58929,2016,5
"Short-term interest rates, Per cent per annum",GBR,United Kingdom,0.57468,2016,6
"Short-term interest rates, Per cent per annum",GBR,United Kingdom,0.5136,2016,7
"Short-term interest rates, Per cent per annum",GBR,United Kingdom,0.40613,2016,8
"Short-term interest rates, Per cent per annum",GBR,United Kingdom,0.37907,2016,9
"Short-term interest rates, Per cent per annum",GBR,United Kingdom,0.3975,2016,10
"Short-term interest rates, Per cent per annum",GBR,United Kingdom,0.39773,2016,11
"Short-term interest rates, Per cent per annum",GBR,United Kingdom,0.37226,2016,12
"Short-term interest rates, Per cent per annum",GBR,United Kingdom,0.3621,2017,1
"Short-term interest rates, Per cent per annum",GBR,United Kingdom,0.35674,2017,2
"Short-term interest rates, Per cent per annum",GBR,United Kingdom,0.34567,2017,3
"Short-term interest rates, Per cent per annum",GBR,United Kingdom,0.33513,2017,4
"Short-term interest rates, Per cent per annum",GBR,United Kingdom,0.31081,2017,5
"Short-term interest rates, Per cent per annum",GBR,United Kingdom,0.29442,2017,6
"Short-term interest rates, Per cent per annum",GBR,United Kingdom,0.2931,2017,7
"Short-term interest rates, Per cent per annum",GBR,United Kingdom,0.28119,2017,8
"Short-term interest rates, Per cent per annum",GBR,United Kingdom,0.30911,2017,9
"Short-term interest rates, Per cent per annum",GBR,United Kingdom,0.38187,2017,10
"Short-term interest rates, Per cent per annum",GBR,United Kingdom,0.51857,2017,11
"Short-term interest rates, Per cent per annum",GBR,United Kingdom,0.51871,2017,12
"Short-term interest rates, Per cent per annum",GBR,United Kingdom,0.5225,2018,1
"Short-term interest rates, Per cent per annum",GBR,United Kingdom,0.54683,2018,2
"Short-term interest rates, Per cent per annum",GBR,United Kingdom,0.62842,2018,3
"Short-term interest rates, Per cent per annum",GBR,United Kingdom,0.75629,2018,4
"Short-term interest rates, Per cent per annum",GBR,United Kingdom,0.64355,2018,5
"Short-term interest rates, Per cent per annum",GBR,United Kingdom,0.63868,2018,6
"Short-term interest rates, Per cent per annum",GBR,United Kingdom,0.74619,2018,7
"Short-term interest rates, Per cent per annum",GBR,United Kingdom,0.80519,2018,8
"Short-term interest rates, Per cent per annum",GBR,United Kingdom,0.80093,2018,9
"Short-term interest rates, Per cent per annum",GBR,United Kingdom,0.80618,2018,10
"Short-term interest rates, Per cent per annum",GBR,United Kingdom,0.87483,2018,11
"Short-term interest rates, Per cent per annum",GBR,United Kingdom,0.90444,2018,12
"Short-term interest rates, Per cent per annum",GBR,United Kingdom,0.91822,2019,1
"Short-term interest rates, Per cent per annum",GBR,United Kingdom,0.87598,2019,2
"Short-term interest rates, Per cent per annum",GBR,United Kingdom,0.84,2019,3
"Short-term interest rates, Per cent per annum",GBR,United Kingdom,0.82,2019,4
"Short-term interest rates, Per cent per annum",GBR,United Kingdom,0.8,2019,5
"Short-term interest rates, Per cent per annum",GBR,United Kingdom,0.78,2019,6
"Short-term interest rates, Per cent per annum",GBR,United Kingdom,0.77,2019,7
"Short-term interest rates, Per cent per annum",GBR,United Kingdom,0.76,2019,8
"Short-term interest rates, Per cent per annum",GBR,United Kingdom,0.77,2019,9
"Short-term interest rates, Per cent per annum",GBR,United Kingdom,0.78,2019,10
"Short-term interest rates, Per cent per annum",GBR,United Kingdom,0.79,2019,11
"Short-term interest rates, Per cent per annum",GBR,United Kingdom,0.79,2019,12
"Short-term interest rates, Per cent per annum",GBR,United Kingdom,0.74,2020,1
"Short-term interest rates, Per cent per annum",GBR,United Kingdom,0.75,2020,2
"Short-term interest rates, Per cent per annum",GBR,United Kingdom,0.53,2020,3
"Short-term interest rates, Per cent per annum",GBR,United Kingdom,0.65,2020,4
"Short-term interest rates, Per cent per annum",GBR,United Kingdom,0.33,2020,5
"Short-term interest rates, Per cent per annum",GBR,United Kingdom,0.19,2020,6
"Short-term interest rates, Per cent per annum",GBR,United Kingdom,0.1,2020,7
"Short-term interest rates, Per cent per annum",GBR,United Kingdom,0.07,2020,8
"Short-term interest rates, Per cent per annum",GBR,United Kingdom,0.06,2020,9
"Short-term interest rates, Per cent per annum",GBR,United Kingdom,0.05,2020,10
"Short-term interest rates, Per cent per annum",GBR,United Kingdom,0.04,2020,11
"Short-term interest rates, Per cent per annum",GBR,United Kingdom,0.03,2020,12
"Short-term interest rates, Per cent per annum",GBR,United Kingdom,0.03,2021,1
"Short-term interest rates, Per cent per annum",GBR,United Kingdom,0.05,2021,2
"Short-term interest rates, Per cent per annum",GBR,United Kingdom,0.08,2021,3
"Short-term interest rates, Per cent per annum",GBR,United Kingdom,0.09,2021,4
"Short-term interest rates, Per cent per annum",GBR,United Kingdom,0.08,2021,5
"Short-term interest rates, Per cent per annum",GBR,United Kingdom,0.08,2021,6
"Short-term interest rates, Per cent per annum",GBR,United Kingdom,0.08,2021,7
"Short-term interest rates, Per cent per annum",GBR,United Kingdom,0.07,2021,8
"Short-term interest rates, Per cent per annum",GBR,United Kingdom,0.07,2021,9
"Short-term interest rates, Per cent per annum",GBR,United Kingdom,0.16,2021,10
"Short-term interest rates, Per cent per annum",GBR,United Kingdom,0.13,2021,11
"Short-term interest rates, Per cent per annum",GBR,United Kingdom,0.16,2021,12
"Short-term interest rates, Per cent per annum",GBR,United Kingdom,0.53,2022,1
"Short-term interest rates, Per cent per annum",GBR,United Kingdom,0.81,2022,2
"Short-term interest rates, Per cent per annum",GBR,United Kingdom,0.99,2022,3
"Short-term interest rates, Per cent per annum",GBR,United Kingdom,1.13,2022,4
"Short-term interest rates, Per cent per annum",GBR,United Kingdom,1.31,2022,5
"Short-term interest rates, Per cent per annum",GBR,United Kingdom,1.57,2022,6
"Short-term interest rates, Per cent per annum",GBR,United Kingdom,1.84,2022,7
"Short-term interest rates, Per cent per annum",GBR,United Kingdom,2.23,2022,8
"Short-term interest rates, Per cent per annum",GBR,United Kingdom,2.91,2022,9
"Short-term interest rates, Per cent per annum",USA,United States,5.95,2000,1
"Short-term interest rates, Per cent per annum",USA,United States,6.01,2000,2
"Short-term interest rates, Per cent per annum",USA,United States,6.14,2000,3
"Short-term interest rates, Per cent per annum",USA,United States,6.28,2000,4
"Short-term interest rates, Per cent per annum",USA,United States,6.71,2000,5
"Short-term interest rates, Per cent per annum",USA,United States,6.73,2000,6
"Short-term interest rates, Per cent per annum",USA,United States,6.67,2000,7
"Short-term interest rates, Per cent per annum",USA,United States,6.61,2000,8
"Short-term interest rates, Per cent per annum",USA,United States,6.6,2000,9
"Short-term interest rates, Per cent per annum",USA,United States,6.67,2000,10
"Short-term interest rates, Per cent per annum",USA,United States,6.65,2000,11
"Short-term interest rates, Per cent per annum",USA,United States,6.45,2000,12
"Short-term interest rates, Per cent per annum",USA,United States,5.62,2001,1
"Short-term interest rates, Per cent per annum",USA,United States,5.26,2001,2
"Short-term interest rates, Per cent per annum",USA,United States,4.89,2001,3
"Short-term interest rates, Per cent per annum",USA,United States,4.53,2001,4
"Short-term interest rates, Per cent per annum",USA,United States,4.02,2001,5
"Short-term interest rates, Per cent per annum",USA,United States,3.74,2001,6
"Short-term interest rates, Per cent per annum",USA,United States,3.66,2001,7
"Short-term interest rates, Per cent per annum",USA,United States,3.48,2001,8
"Short-term interest rates, Per cent per annum",USA,United States,2.87,2001,9
"Short-term interest rates, Per cent per annum",USA,United States,2.31,2001,10
"Short-term interest rates, Per cent per annum",USA,United States,2.03,2001,11
"Short-term interest rates, Per cent per annum",USA,United States,1.83,2001,12
"Short-term interest rates, Per cent per annum",USA,United States,1.74,2002,1
"Short-term interest rates, Per cent per annum",USA,United States,1.82,2002,2
"Short-term interest rates, Per cent per annum",USA,United States,1.91,2002,3
"Short-term interest rates, Per cent per annum",USA,United States,1.87,2002,4
"Short-term interest rates, Per cent per annum",USA,United States,1.82,2002,5
"Short-term interest rates, Per cent per annum",USA,United States,1.81,2002,6
"Short-term interest rates, Per cent per annum",USA,United States,1.79,2002,7
"Short-term interest rates, Per cent per annum",USA,United States,1.73,2002,8
"Short-term interest rates, Per cent per annum",USA,United States,1.76,2002,9
"Short-term interest rates, Per cent per annum",USA,United States,1.73,2002,10
"Short-term interest rates, Per cent per annum",USA,United States,1.39,2002,11
"Short-term interest rates, Per cent per annum",USA,United States,1.34,2002,12
"Short-term interest rates, Per cent per annum",USA,United States,1.29,2003,1
"Short-term interest rates, Per cent per annum",USA,United States,1.27,2003,2
"Short-term interest rates, Per cent per annum",USA,United States,1.23,2003,3
"Short-term interest rates, Per cent per annum",USA,United States,1.24,2003,4
"Short-term interest rates, Per cent per annum",USA,United States,1.22,2003,5
"Short-term interest rates, Per cent per annum",USA,United States,1.04,2003,6
"Short-term interest rates, Per cent per annum",USA,United States,1.05,2003,7
"Short-term interest rates, Per cent per annum",USA,United States,1.08,2003,8
"Short-term interest rates, Per cent per annum",USA,United States,1.08,2003,9
"Short-term interest rates, Per cent per annum",USA,United States,1.1,2003,10
"Short-term interest rates, Per cent per annum",USA,United States,1.11,2003,11
"Short-term interest rates, Per cent per annum",USA,United States,1.1,2003,12
"Short-term interest rates, Per cent per annum",USA,United States,1.06,2004,1
"Short-term interest rates, Per cent per annum",USA,United States,1.05,2004,2
"Short-term interest rates, Per cent per annum",USA,United States,1.05,2004,3
"Short-term interest rates, Per cent per annum",USA,United States,1.08,2004,4
"Short-term interest rates, Per cent per annum",USA,United States,1.2,2004,5
"Short-term interest rates, Per cent per annum",USA,United States,1.46,2004,6
"Short-term interest rates, Per cent per annum",USA,United States,1.57,2004,7
"Short-term interest rates, Per cent per annum",USA,United States,1.68,2004,8
"Short-term interest rates, Per cent per annum",USA,United States,1.86,2004,9
"Short-term interest rates, Per cent per annum",USA,United States,2.04,2004,10
"Short-term interest rates, Per cent per annum",USA,United States,2.26,2004,11
"Short-term interest rates, Per cent per annum",USA,United States,2.45,2004,12
"Short-term interest rates, Per cent per annum",USA,United States,2.61,2005,1
"Short-term interest rates, Per cent per annum",USA,United States,2.77,2005,2
"Short-term interest rates, Per cent per annum",USA,United States,2.97,2005,3
"Short-term interest rates, Per cent per annum",USA,United States,3.09,2005,4
"Short-term interest rates, Per cent per annum",USA,United States,3.22,2005,5
"Short-term interest rates, Per cent per annum",USA,United States,3.38,2005,6
"Short-term interest rates, Per cent per annum",USA,United States,3.57,2005,7
"Short-term interest rates, Per cent per annum",USA,United States,3.77,2005,8
"Short-term interest rates, Per cent per annum",USA,United States,3.87,2005,9
"Short-term interest rates, Per cent per annum",USA,United States,4.13,2005,10
"Short-term interest rates, Per cent per annum",USA,United States,4.31,2005,11
"Short-term interest rates, Per cent per annum",USA,United States,4.45,2005,12
"Short-term interest rates, Per cent per annum",USA,United States,4.56,2006,1
"Short-term interest rates, Per cent per annum",USA,United States,4.72,2006,2
"Short-term interest rates, Per cent per annum",USA,United States,4.88,2006,3
"Short-term interest rates, Per cent per annum",USA,United States,5.03,2006,4
"Short-term interest rates, Per cent per annum",USA,United States,5.15,2006,5
"Short-term interest rates, Per cent per annum",USA,United States,5.35,2006,6
"Short-term interest rates, Per cent per annum",USA,United States,5.46,2006,7
"Short-term interest rates, Per cent per annum",USA,United States,5.38,2006,8
"Short-term interest rates, Per cent per annum",USA,United States,5.34,2006,9
"Short-term interest rates, Per cent per annum",USA,United States,5.33,2006,10
"Short-term interest rates, Per cent per annum",USA,United States,5.32,2006,11
"Short-term interest rates, Per cent per annum",USA,United States,5.32,2006,12
"Short-term interest rates, Per cent per annum",USA,United States,5.32,2007,1
"Short-term interest rates, Per cent per annum",USA,United States,5.31,2007,2
"Short-term interest rates, Per cent per annum",USA,United States,5.3,2007,3
"Short-term interest rates, Per cent per annum",USA,United States,5.31,2007,4
"Short-term interest rates, Per cent per annum",USA,United States,5.31,2007,5
"Short-term interest rates, Per cent per annum",USA,United States,5.33,2007,6
"Short-term interest rates, Per cent per annum",USA,United States,5.32,2007,7
"Short-term interest rates, Per cent per annum",USA,United States,5.49,2007,8
"Short-term interest rates, Per cent per annum",USA,United States,5.46,2007,9
"Short-term interest rates, Per cent per annum",USA,United States,5.08,2007,10
"Short-term interest rates, Per cent per annum",USA,United States,4.97,2007,11
"Short-term interest rates, Per cent per annum",USA,United States,5.02,2007,12
"Short-term interest rates, Per cent per annum",USA,United States,3.84,2008,1
"Short-term interest rates, Per cent per annum",USA,United States,3.06,2008,2
"Short-term interest rates, Per cent per annum",USA,United States,2.79,2008,3
"Short-term interest rates, Per cent per annum",USA,United States,2.85,2008,4
"Short-term interest rates, Per cent per annum",USA,United States,2.66,2008,5
"Short-term interest rates, Per cent per annum",USA,United States,2.76,2008,6
"Short-term interest rates, Per cent per annum",USA,United States,2.79,2008,7
"Short-term interest rates, Per cent per annum",USA,United States,2.79,2008,8
"Short-term interest rates, Per cent per annum",USA,United States,3.59,2008,9
"Short-term interest rates, Per cent per annum",USA,United States,4.32,2008,10
"Short-term interest rates, Per cent per annum",USA,United States,2.36,2008,11
"Short-term interest rates, Per cent per annum",USA,United States,1.77,2008,12
"Short-term interest rates, Per cent per annum",USA,United States,1.02,2009,1
"Short-term interest rates, Per cent per annum",USA,United States,1.16,2009,2
"Short-term interest rates, Per cent per annum",USA,United States,1.07,2009,3
"Short-term interest rates, Per cent per annum",USA,United States,0.89,2009,4
"Short-term interest rates, Per cent per annum",USA,United States,0.57,2009,5
"Short-term interest rates, Per cent per annum",USA,United States,0.39,2009,6
"Short-term interest rates, Per cent per annum",USA,United States,0.35,2009,7
"Short-term interest rates, Per cent per annum",USA,United States,0.3,2009,8
"Short-term interest rates, Per cent per annum",USA,United States,0.25,2009,9
"Short-term interest rates, Per cent per annum",USA,United States,0.24,2009,10
"Short-term interest rates, Per cent per annum",USA,United States,0.21,2009,11
"Short-term interest rates, Per cent per annum",USA,United States,0.22,2009,12
"Short-term interest rates, Per cent per annum",USA,United States,0.2,2010,1
"Short-term interest rates, Per cent per annum",USA,United States,0.19,2010,2
"Short-term interest rates, Per cent per annum",USA,United States,0.23,2010,3
"Short-term interest rates, Per cent per annum",USA,United States,0.3,2010,4
"Short-term interest rates, Per cent per annum",USA,United States,0.45,2010,5
"Short-term interest rates, Per cent per annum",USA,United States,0.52,2010,6
"Short-term interest rates, Per cent per annum",USA,United States,0.41,2010,7
"Short-term interest rates, Per cent per annum",USA,United States,0.32,2010,8
"Short-term interest rates, Per cent per annum",USA,United States,0.28,2010,9
"Short-term interest rates, Per cent per annum",USA,United States,0.27,2010,10
"Short-term interest rates, Per cent per annum",USA,United States,0.27,2010,11
"Short-term interest rates, Per cent per annum",USA,United States,0.3,2010,12
"Short-term interest rates, Per cent per annum",USA,United States,0.29,2011,1
"Short-term interest rates, Per cent per annum",USA,United States,0.28,2011,2
"Short-term interest rates, Per cent per annum",USA,United States,0.28,2011,3
"Short-term interest rates, Per cent per annum",USA,United States,0.23,2011,4
"Short-term interest rates, Per cent per annum",USA,United States,0.21,2011,5
"Short-term interest rates, Per cent per annum",USA,United States,0.22,2011,6
"Short-term interest rates, Per cent per annum",USA,United States,0.24,2011,7
"Short-term interest rates, Per cent per annum",USA,United States,0.29,2011,8
"Short-term interest rates, Per cent per annum",USA,United States,0.33,2011,9
"Short-term interest rates, Per cent per annum",USA,United States,0.37,2011,10
"Short-term interest rates, Per cent per annum",USA,United States,0.41,2011,11
"Short-term interest rates, Per cent per annum",USA,United States,0.49,2011,12
"Short-term interest rates, Per cent per annum",USA,United States,0.4,2012,1
"Short-term interest rates, Per cent per annum",USA,United States,0.3,2012,2
"Short-term interest rates, Per cent per annum",USA,United States,0.29,2012,3
"Short-term interest rates, Per cent per annum",USA,United States,0.29,2012,4
"Short-term interest rates, Per cent per annum",USA,United States,0.29,2012,5
"Short-term interest rates, Per cent per annum",USA,United States,0.32,2012,6
"Short-term interest rates, Per cent per annum",USA,United States,0.3,2012,7
"Short-term interest rates, Per cent per annum",USA,United States,0.26,2012,8
"Short-term interest rates, Per cent per annum",USA,United States,0.24,2012,9
"Short-term interest rates, Per cent per annum",USA,United States,0.23,2012,10
"Short-term interest rates, Per cent per annum",USA,United States,0.23,2012,11
"Short-term interest rates, Per cent per annum",USA,United States,0.24,2012,12
"Short-term interest rates, Per cent per annum",USA,United States,0.23,2013,1
"Short-term interest rates, Per cent per annum",USA,United States,0.22,2013,2
"Short-term interest rates, Per cent per annum",USA,United States,0.21,2013,3
"Short-term interest rates, Per cent per annum",USA,United States,0.2,2013,4
"Short-term interest rates, Per cent per annum",USA,United States,0.2,2013,5
"Short-term interest rates, Per cent per annum",USA,United States,0.19,2013,6
"Short-term interest rates, Per cent per annum",USA,United States,0.14,2013,7
"Short-term interest rates, Per cent per annum",USA,United States,0.12,2013,8
"Short-term interest rates, Per cent per annum",USA,United States,0.11,2013,9
"Short-term interest rates, Per cent per annum",USA,United States,0.12,2013,10
"Short-term interest rates, Per cent per annum",USA,United States,0.12,2013,11
"Short-term interest rates, Per cent per annum",USA,United States,0.14,2013,12
"Short-term interest rates, Per cent per annum",USA,United States,0.12,2014,1
"Short-term interest rates, Per cent per annum",USA,United States,0.13,2014,2
"Short-term interest rates, Per cent per annum",USA,United States,0.12,2014,3
"Short-term interest rates, Per cent per annum",USA,United States,0.12,2014,4
"Short-term interest rates, Per cent per annum",USA,United States,0.11,2014,5
"Short-term interest rates, Per cent per annum",USA,United States,0.11,2014,6
"Short-term interest rates, Per cent per annum",USA,United States,0.13,2014,7
"Short-term interest rates, Per cent per annum",USA,United States,0.13,2014,8
"Short-term interest rates, Per cent per annum",USA,United States,0.12,2014,9
"Short-term interest rates, Per cent per annum",USA,United States,0.12,2014,10
"Short-term interest rates, Per cent per annum",USA,United States,0.13,2014,11
"Short-term interest rates, Per cent per annum",USA,United States,0.15,2014,12
"Short-term interest rates, Per cent per annum",USA,United States,0.16,2015,1
"Short-term interest rates, Per cent per annum",USA,United States,0.15,2015,2
"Short-term interest rates, Per cent per annum",USA,United States,0.14,2015,3
"Short-term interest rates, Per cent per annum",USA,United States,0.13,2015,4
"Short-term interest rates, Per cent per annum",USA,United States,0.15,2015,5
"Short-term interest rates, Per cent per annum",USA,United States,0.18,2015,6
"Short-term interest rates, Per cent per annum",USA,United States,0.19,2015,7
"Short-term interest rates, Per cent per annum",USA,United States,0.26,2015,8
"Short-term interest rates, Per cent per annum",USA,United States,0.27,2015,9
"Short-term interest rates, Per cent per annum",USA,United States,0.25,2015,10
"Short-term interest rates, Per cent per annum",USA,United States,0.3,2015,11
"Short-term interest rates, Per cent per annum",USA,United States,0.54,2015,12
"Short-term interest rates, Per cent per annum",USA,United States,0.57,2016,1
"Short-term interest rates, Per cent per annum",USA,United States,0.54,2016,2
"Short-term interest rates, Per cent per annum",USA,United States,0.55,2016,3
"Short-term interest rates, Per cent per annum",USA,United States,0.55,2016,4
"Short-term interest rates, Per cent per annum",USA,United States,0.57,2016,5
"Short-term interest rates, Per cent per annum",USA,United States,0.55,2016,6
"Short-term interest rates, Per cent per annum",USA,United States,0.62,2016,7
"Short-term interest rates, Per cent per annum",USA,United States,0.73,2016,8
"Short-term interest rates, Per cent per annum",USA,United States,0.75,2016,9
"Short-term interest rates, Per cent per annum",USA,United States,0.72,2016,10
"Short-term interest rates, Per cent per annum",USA,United States,0.71,2016,11
"Short-term interest rates, Per cent per annum",USA,United States,0.87,2016,12
"Short-term interest rates, Per cent per annum",USA,United States,0.9,2017,1
"Short-term interest rates, Per cent per annum",USA,United States,0.87,2017,2
"Short-term interest rates, Per cent per annum",USA,United States,0.98,2017,3
"Short-term interest rates, Per cent per annum",USA,United States,1.03,2017,4
"Short-term interest rates, Per cent per annum",USA,United States,1.05,2017,5
"Short-term interest rates, Per cent per annum",USA,United States,1.16,2017,6
"Short-term interest rates, Per cent per annum",USA,United States,1.22,2017,7
"Short-term interest rates, Per cent per annum",USA,United States,1.25,2017,8
"Short-term interest rates, Per cent per annum",USA,United States,1.25,2017,9
"Short-term interest rates, Per cent per annum",USA,United States,1.26,2017,10
"Short-term interest rates, Per cent per annum",USA,United States,1.32,2017,11
"Short-term interest rates, Per cent per annum",USA,United States,1.54,2017,12
"Short-term interest rates, Per cent per annum",USA,United States,1.63,2018,1
"Short-term interest rates, Per cent per annum",USA,United States,1.78,2018,2
"Short-term interest rates, Per cent per annum",USA,United States,2.08,2018,3
"Short-term interest rates, Per cent per annum",USA,United States,2.2,2018,4
"Short-term interest rates, Per cent per annum",USA,United States,2.16,2018,5
"Short-term interest rates, Per cent per annum",USA,United States,2.19,2018,6
"Short-term interest rates, Per cent per annum",USA,United States,2.17,2018,7
"Short-term interest rates, Per cent per annum",USA,United States,2.19,2018,8
"Short-term interest rates, Per cent per annum",USA,United States,2.24,2018,9
"Short-term interest rates, Per cent per annum",USA,United States,2.37,2018,10
"Short-term interest rates, Per cent per annum",USA,United States,2.56,2018,11
"Short-term interest rates, Per cent per annum",USA,United States,2.69,2018,12
"Short-term interest rates, Per cent per annum",USA,United States,2.59,2019,1
"Short-term interest rates, Per cent per annum",USA,United States,2.49,2019,2
"Short-term interest rates, Per cent per annum",USA,United States,2.48,2019,3
"Short-term interest rates, Per cent per annum",USA,United States,2.47,2019,4
"Short-term interest rates, Per cent per annum",USA,United States,2.44,2019,5
"Short-term interest rates, Per cent per annum",USA,United States,2.3,2019,6
"Short-term interest rates, Per cent per annum",USA,United States,2.22,2019,7
"Short-term interest rates, Per cent per annum",USA,United States,2.06,2019,8
"Short-term interest rates, Per cent per annum",USA,United States,2.03,2019,9
"Short-term interest rates, Per cent per annum",USA,United States,1.88,2019,10
"Short-term interest rates, Per cent per annum",USA,United States,1.77,2019,11
"Short-term interest rates, Per cent per annum",USA,United States,1.76,2019,12
"Short-term interest rates, Per cent per annum",USA,United States,1.65,2020,1
"Short-term interest rates, Per cent per annum",USA,United States,1.59,2020,2
"Short-term interest rates, Per cent per annum",USA,United States,1.35,2020,3
"Short-term interest rates, Per cent per annum",USA,United States,0.17,2020,5
"Short-term interest rates, Per cent per annum",USA,United States,0.2,2020,6
"Short-term interest rates, Per cent per annum",USA,United States,0.18,2020,7
"Short-term interest rates, Per cent per annum",USA,United States,0.15,2020,8
"Short-term interest rates, Per cent per annum",USA,United States,0.13,2020,9
"Short-term interest rates, Per cent per annum",USA,United States,0.12,2020,10
"Short-term interest rates, Per cent per annum",USA,United States,0.16,2020,11
"Short-term interest rates, Per cent per annum",USA,United States,0.17,2020,12
"Short-term interest rates, Per cent per annum",USA,United States,0.14,2021,1
"Short-term interest rates, Per cent per annum",USA,United States,0.11,2021,2
"Short-term interest rates, Per cent per annum",USA,United States,0.1,2021,3
"Short-term interest rates, Per cent per annum",USA,United States,0.11,2021,4
"Short-term interest rates, Per cent per annum",USA,United States,0.1,2021,5
"Short-term interest rates, Per cent per annum",USA,United States,0.09,2021,6
"Short-term interest rates, Per cent per annum",USA,United States,0.1,2021,7
"Short-term interest rates, Per cent per annum",USA,United States,0.1,2021,8
"Short-term interest rates, Per cent per annum",USA,United States,0.1,2021,9
"Short-term interest rates, Per cent per annum",USA,United States,0.11,2021,10
"Short-term interest rates, Per cent per annum",USA,United States,0.14,2021,11
"Short-term interest rates, Per cent per annum",USA,United States,0.17,2021,12
"Short-term interest rates, Per cent per annum",USA,United States,0.22,2022,1
"Short-term interest rates, Per cent per annum",USA,United States,0.38,2022,2
"Short-term interest rates, Per cent per annum",USA,United States,0.73,2022,3
"Short-term interest rates, Per cent per annum",USA,United States,0.91,2022,4
"Short-term interest rates, Per cent per annum",USA,United States,1.33,2022,5
"Short-term interest rates, Per cent per annum",USA,United States,1.87,2022,6
"Short-term interest rates, Per cent per annum",USA,United States,2.5,2022,7
"Short-term interest rates, Per cent per annum",USA,United States,2.76,2022,8
"Short-term interest rates, Per cent per annum",USA,United States,3.21,2022,9
